
SET FOREIGN_KEY_CHECKS=0;
SET SQL_MODE="NO_AUTO_VALUE_ON_ZERO";


INSERT INTO `address_type` (`id`, `name`) VALUES
(1, 'Branch'),
(2, 'Home'),
(3, 'Main Office'),
(4, 'Office'),
(5, 'PO Box'),
(6, 'Warehouse');

INSERT INTO `barcode_type` (`id`, `name`) VALUES
(1, 'EAN'),
(2, 'ISBN-10'),
(3, 'ISBN-13'),
(4, 'QR-Code'),
(5, 'UPC');

INSERT INTO `brand_groups` (`id`, `title`, `description`, `purchase_coeff`, `resell_coeff`) VALUES
(1, 'Bocsh', '<p>Test-Anastasia</p>', NULL, NULL);

INSERT INTO `company_groups` (`id`, `title`) VALUES
(1, 'Banks'),
(2, 'Government Administrations'),
(3, 'Government Taxes'),
(4, 'Subcontractor'),
(5, 'Supplier'),
(6, 'Transport');

INSERT INTO `company_types` (`id`, `name`) VALUES
(1, 'Association'),
(2, 'Incorporation'),
(3, 'Org'),
(4, 'Self employed');

INSERT INTO `currencies` (`id`, `code`, `name`, `symbol`) VALUES
(1, 'AED', 'UAE Dirham', ''),
(2, 'AFN', 'Afghani', '؋'),
(3, 'ALL', 'Lek', 'Lek'),
(4, 'AMD', 'Armenian Dram', ''),
(5, 'ANG', 'Netherlands Antillean Guilder', 'ƒ'),
(6, 'AOA', 'Kwanza', ''),
(7, 'ARS', 'Argentine Peso', '$'),
(8, 'AUD', 'Australian Dollar', '$'),
(9, 'AWG', 'Aruban Florin', 'ƒ'),
(10, 'AZN', 'Azerbaijanian Manat', 'ман'),
(11, 'BAM', 'Convertible Mark', 'KM'),
(12, 'BBD', 'Barbados Dollar', '$'),
(13, 'BDT', 'Taka', ''),
(14, 'BGN', 'Bulgarian Lev', 'лв'),
(15, 'BHD', 'Bahraini Dinar', ''),
(16, 'BIF', 'Burundi Franc', ''),
(17, 'BMD', 'Bermudian Dollar', '$'),
(18, 'BND', 'Brunei Dollar', '$'),
(19, 'BOB', 'Boliviano', '$b'),
(20, 'BOV', 'Mvdol', ''),
(21, 'BRL', 'Brazilian Real', 'R$'),
(22, 'BSD', 'Bahamian Dollar', '$'),
(23, 'BTN', 'Ngultrum', ''),
(24, 'BWP', 'Pula', 'P'),
(25, 'BYR', 'Belarussian Ruble', 'p.'),
(26, 'BZD', 'Belize Dollar', 'BZ$'),
(27, 'CAD', 'Canadian Dollar', '$'),
(28, 'CDF', 'Congolese Franc', ''),
(29, 'CHE', 'WIR Euro', ''),
(30, 'CHF', 'Swiss Franc', ''),
(31, 'CHW', 'WIR Franc', ''),
(32, 'CLF', 'Unidades de fomento', ''),
(33, 'CLP', 'Chilean Peso', '$'),
(34, 'CNY', 'Yuan Renminbi', '¥'),
(35, 'COP', 'Colombian Peso', '$'),
(36, 'COU', 'Unidad de Valor Real', ''),
(37, 'CRC', 'Costa Rican Colon', '₡'),
(38, 'CUC', 'Peso Convertible', ''),
(39, 'CUP', 'Cuban Peso', '₱'),
(40, 'CVE', 'Cape Verde Escudo', ''),
(41, 'CZK', 'Czech Koruna', 'Kč'),
(42, 'DJF', 'Djibouti Franc', ''),
(43, 'DKK', 'Danish Krone', 'kr'),
(44, 'DOP', 'Dominican Peso', 'RD$'),
(45, 'DZD', 'Algerian Dinar', ''),
(46, 'EGP', 'Egyptian Pound', '£'),
(47, 'ERN', 'Nakfa', ''),
(48, 'ETB', 'Ethiopian Birr', ''),
(49, 'EUR', 'Euro', '€'),
(50, 'FJD', 'Fiji Dollar', '$'),
(51, 'FKP', 'Falkland Islands Pound', '£'),
(52, 'GBP', 'Pound Sterling', '£'),
(53, 'GEL', 'Lari', ''),
(54, 'GHS', 'Ghana Cedi', ''),
(55, 'GIP', 'Gibraltar Pound', '£'),
(56, 'GMD', 'Dalasi', ''),
(57, 'GNF', 'Guinea Franc', ''),
(58, 'GTQ', 'Quetzal', 'Q'),
(59, 'GYD', 'Guyana Dollar', '$'),
(60, 'HKD', 'Hong Kong Dollar', '$'),
(61, 'HNL', 'Lempira', 'L'),
(62, 'HRK', 'Croatian Kuna', 'kn'),
(63, 'HTG', 'Gourde', ''),
(64, 'HUF', 'Forint', 'Ft'),
(65, 'IDR', 'Rupiah', 'Rp'),
(66, 'ILS', 'New Israeli Sheqel', '₪'),
(67, 'INR', 'Indian Rupee', ''),
(68, 'IQD', 'Iraqi Dinar', ''),
(69, 'IRR', 'Iranian Rial', '﷼'),
(70, 'ISK', 'Iceland Krona', 'kr'),
(71, 'JMD', 'Jamaican Dollar', 'J$'),
(72, 'JOD', 'Jordanian Dinar', ''),
(73, 'JPY', 'Yen', '¥'),
(74, 'KES', 'Kenyan Shilling', ''),
(75, 'KGS', 'Som', 'лв'),
(76, 'KHR', 'Riel', '៛'),
(77, 'KMF', 'Comoro Franc', ''),
(78, 'KPW', 'North Korean Won', '₩'),
(79, 'KRW', 'Won', '₩'),
(80, 'KWD', 'Kuwaiti Dinar', ''),
(81, 'KYD', 'Cayman Islands Dollar', '$'),
(82, 'KZT', 'Tenge', 'лв'),
(83, 'LAK', 'Kip', '₭'),
(84, 'LBP', 'Lebanese Pound', '£'),
(85, 'LKR', 'Sri Lanka Rupee', '₨'),
(86, 'LRD', 'Liberian Dollar', '$'),
(87, 'LSL', 'Loti', ''),
(88, 'LTL', 'Lithuanian Litas', 'Lt'),
(89, 'LVL', 'Latvian Lats', 'Ls'),
(90, 'LYD', 'Libyan Dinar', ''),
(91, 'MAD', 'Moroccan Dirham', ''),
(92, 'MDL', 'Moldovan Leu', ''),
(93, 'MGA', 'Malagasy Ariary', ''),
(94, 'MKD', 'Denar', 'ден'),
(95, 'MMK', 'Kyat', ''),
(96, 'MNT', 'Tugrik', '₮'),
(97, 'MOP', 'Pataca', ''),
(98, 'MRO', 'Ouguiya', ''),
(99, 'MUR', 'Mauritius Rupee', '₨'),
(100, 'MVR', 'Rufiyaa', ''),
(101, 'MWK', 'Kwacha', ''),
(102, 'MXN', 'Mexican Peso', '$'),
(103, 'MXV', 'Mexican Unidad de Inversion (UDI)', ''),
(104, 'MYR', 'Malaysian Ringgit', 'RM'),
(105, 'MZN', 'Mozambique Metical', 'MT'),
(106, 'NAD', 'Namibia Dollar', '$'),
(107, 'NGN', 'Naira', '₦'),
(108, 'NIO', 'Cordoba Oro', 'C$'),
(109, 'NOK', 'Norwegian Krone', 'kr'),
(110, 'NPR', 'Nepalese Rupee', '₨'),
(111, 'NZD', 'New Zealand Dollar', '$'),
(112, 'OMR', 'Rial Omani', '﷼'),
(113, 'PAB', 'Balboa', 'B/.'),
(114, 'PEN', 'Nuevo Sol', 'S/.'),
(115, 'PGK', 'Kina', ''),
(116, 'PHP', 'Philippine Peso', '₱'),
(117, 'PKR', 'Pakistan Rupee', '₨'),
(118, 'PLN', 'Zloty', 'zł'),
(119, 'PYG', 'Guarani', 'Gs'),
(120, 'QAR', 'Qatari Rial', '﷼'),
(121, 'RON', 'New Romanian Leu', 'lei'),
(122, 'RSD', 'Serbian Dinar', 'Дин.'),
(123, 'RUB', 'Russian Ruble', 'руб'),
(124, 'RWF', 'Rwanda Franc', ''),
(125, 'SAR', 'Saudi Riyal', '﷼'),
(126, 'SBD', 'Solomon Islands Dollar', '$'),
(127, 'SCR', 'Seychelles Rupee', '₨'),
(128, 'SDG', 'Sudanese Pound', ''),
(129, 'SEK', 'Swedish Krona', 'kr'),
(130, 'SGD', 'Singapore Dollar', '$'),
(131, 'SHP', 'Saint Helena Pound', '£'),
(132, 'SLL', 'Leone', ''),
(133, 'SOS', 'Somali Shilling', 'S'),
(134, 'SRD', 'Surinam Dollar', '$'),
(135, 'SSP', 'South Sudanese Pound', ''),
(136, 'STD', 'Dobra', ''),
(137, 'SVC', 'El Salvador Colon', '$'),
(138, 'SYP', 'Syrian Pound', '£'),
(139, 'SZL', 'Lilangeni', ''),
(140, 'THB', 'Baht', '฿'),
(141, 'TJS', 'Somoni', ''),
(142, 'TMT', 'Turkmenistan New Manat', ''),
(143, 'TND', 'Tunisian Dinar', ''),
(144, 'TOP', 'Pa''anga', ''),
(145, 'TRY', 'Turkish Lira', ''),
(146, 'TTD', 'Trinidad and Tobago Dollar', 'TT$'),
(147, 'TWD', 'New Taiwan Dollar', 'NT$'),
(148, 'TZS', 'Tanzanian Shilling', ''),
(149, 'UAH', 'Hryvnia', '₴'),
(150, 'UGX', 'Uganda Shilling', ''),
(151, 'USD', 'US Dollar', '$'),
(152, 'USN', 'US Dollar (Next day)', ''),
(153, 'USS', 'US Dollar (Same day)', ''),
(154, 'UYI', 'Uruguay Peso en Unidades Indexadas (URUIURUI)', ''),
(155, 'UYU', 'Peso Uruguayo', '$U'),
(156, 'UZS', 'Uzbekistan Sum', 'лв'),
(157, 'VEF', 'Bolivar', 'Bs'),
(158, 'VND', 'Dong', '₫'),
(159, 'VUV', 'Vatu', ''),
(160, 'WST', 'Tala', ''),
(161, 'XAF', 'CFA Franc BEAC', ''),
(162, 'XAG', 'Silver', ''),
(163, 'XAU', 'Gold', ''),
(164, 'XBA', 'Bond Markets Unit European Composite Unit (EURCO)', ''),
(165, 'XBB', 'Bond Markets Unit European Monetary Unit (E.M.U.-6)', ''),
(166, 'XBC', 'Bond Markets Unit European Unit of Account 9 (E.U.A.-9)', ''),
(167, 'XBD', 'Bond Markets Unit European Unit of Account 17 (E.U.A.-17)', ''),
(168, 'XCD', 'East Caribbean Dollar', '$'),
(169, 'XDR', 'SDR (Special Drawing Right)', ''),
(170, 'XFU', 'UIC-Franc', ''),
(171, 'XOF', 'CFA Franc BCEAO', ''),
(172, 'XPD', 'Palladium', ''),
(173, 'XPF', 'CFP Franc', ''),
(174, 'XPT', 'Platinum', ''),
(175, 'XSU', 'Sucre', ''),
(176, 'XTS', 'Codes specifically reserved for testing purposes', ''),
(177, 'XUA', 'ADB Unit of Account', ''),
(178, 'XXX', 'The codes assigned for transactions where no currency is involved', ''),
(179, 'YER', 'Yemeni Rial', '﷼'),
(180, 'ZAR', 'Rand', 'R'),
(181, 'ZMW', 'Zambian Kwacha', ''),
(182, 'ZWL', 'Zimbabwe Dollar', '');


INSERT INTO `department` (`id`, `title`) VALUES
(1, 'Business Development'),
(2, 'Customer Service'),
(3, 'Dispatch Department'),
(4, 'Engineering'),
(5, 'Financial (includes accounts, AP, AR )'),
(6, 'Human Resources (hiring, salary, benefits etc..)'),
(7, 'Insurance'),
(8, 'IT'),
(9, 'Licenses'),
(10, 'Management'),
(11, 'Marketing'),
(12, 'Operations'),
(13, 'Organizational'),
(14, 'Production Department'),
(15, 'Purchasing'),
(16, 'Quality Asurance'),
(17, 'Research & Development'),
(18, 'Sales'),
(19, 'Services'),
(20, 'Staff'),
(21, 'Supply Chain Management/Logistics');

INSERT INTO `email_types` (`id`, `name`) VALUES
(6, 'Personal'),
(7, 'Work');

INSERT INTO `industry_sector` (`id`, `title`) VALUES
(1, '﻿Accounting, Finance, Insurance'),
(2, 'Administrative, Clerical'),
(3, 'Banking, Real Estate, Mortgage Professionals'),
(4, 'Biotech, R&D, Science'),
(5, 'Building Construction, Skilled Trades'),
(6, 'Business, Strategic Management'),
(7, 'Creative, Design'),
(8, 'Customer Support, Client Care'),
(9, 'Editorial, Writing'),
(10, 'Education, Training'),
(11, 'Engineering'),
(12, 'Food Services, Hospitality'),
(13, 'Human Resources'),
(14, 'Installation, Maintenance, Repair'),
(15, 'IT, Software Development'),
(16, 'Legal'),
(17, 'Logistics, Transportation'),
(18, 'Manufacturing, Production, Operations'),
(19, 'Marketing, Product'),
(20, 'Medical, Health'),
(21, 'Other'),
(22, 'Project, Program Management'),
(23, 'Quality Assurance, Safety'),
(24, 'Sales, Retail, Business Development'),
(25, 'Security, Protective Services');

INSERT INTO `industry_speciality` (`id`, `sector_id`, `title`) VALUES
(1, 1, 'Accounts payable, receivable'),
(2, 1, 'Actuarial analysis'),
(3, 1, 'Audit'),
(4, 1, 'Bookkeeping'),
(5, 1, 'Claims review and adjusting'),
(6, 1, 'Collections'),
(7, 1, 'Corporate accounting'),
(8, 1, 'Corporate finance'),
(9, 1, 'Credit review, analysis'),
(10, 1, 'Financial analysis, research, reporting'),
(11, 1, 'Financial control'),
(12, 1, 'Financial planning, advising'),
(13, 1, 'Financial products sales, brokerage'),
(14, 1, 'Fund accounting'),
(15, 1, 'General, other: accounting, finance'),
(16, 1, 'Investment management'),
(17, 1, 'Policy underwriting'),
(18, 1, 'Real estate appraisal'),
(19, 1, 'Real estate leasing, acquisition'),
(20, 1, 'Risk management, compliance'),
(21, 1, 'Securities analysis, research'),
(22, 1, 'Tax accounting'),
(23, 1, 'Tax assessment and collections'),
(24, 1, 'Private assets management'),
(25, 2, 'Administrative, Clerical'),
(26, 2, 'Claims processing'),
(27, 2, 'Data entry, order processing'),
(28, 2, 'Executive support'),
(29, 2, 'Filing, records management'),
(30, 2, 'General, other: administrative, clerical'),
(31, 2, 'Office management'),
(32, 2, 'Property management'),
(33, 2, 'Reception, switchboard'),
(34, 2, 'Secretary, executive assistant'),
(35, 2, 'Transcription'),
(36, 2, 'Import-export, trade assistant'),
(37, 3, 'Bank teller'),
(38, 3, 'Credit manager'),
(39, 3, 'General, other: '),
(40, 3, 'Loan officer, originator'),
(41, 3, 'Mortgage broker'),
(42, 3, 'Real estate agent, broker'),
(43, 3, 'Real estate appraisal'),
(44, 3, 'Real estate law'),
(45, 3, 'Store, branch management'),
(46, 3, 'Underwriter'),
(47, 4, 'Biological, chemical research'),
(48, 4, 'Clinical research'),
(49, 4, 'Environmental, geological testing & analysis'),
(50, 4, 'General, other: R&D, science'),
(51, 4, 'Materials, physical research '),
(52, 4, 'Mathematical, statistical research'),
(53, 4, 'New product R&D'),
(54, 4, 'Pharmaceutical research'),
(55, 5, 'Carpentry, framing'),
(56, 5, 'Concrete and masonry'),
(57, 5, 'Electrician'),
(58, 5, 'Flooring, tiling, painting, wallpapering'),
(59, 5, 'General, other: construction, skilled trades'),
(60, 5, 'Heavy equipment operation'),
(61, 5, 'HVAC'),
(62, 5, 'Ironwork, metal fabrication'),
(63, 5, 'Plumbing, pipefitting'),
(64, 5, 'Roofing'),
(65, 5, 'Sheetrock, plastering'),
(66, 5, 'Site superintendent'),
(67, 5, 'Land surveying'),
(68, 5, 'Floor, ground and walls'),
(69, 5, 'CAD, CAM, industrial design'),
(70, 6, 'Business analysis, research'),
(71, 6, 'Business unit management'),
(72, 6, 'Franchise-business ownership'),
(73, 6, 'General, other: business, strategic management'),
(74, 6, 'Hospital, clinic administration'),
(75, 6, 'Hotel, lodging management'),
(76, 6, 'Managerial consulting'),
(77, 6, 'Mergers and acquisitions'),
(78, 6, 'President, top executive'),
(79, 6, 'Public health administration'),
(80, 6, 'Restaurant management'),
(81, 6, 'School, college administration'),
(82, 6, 'Store, branch management'),
(83, 6, 'Strategic planning, intelligence'),
(84, 6, 'Town, city planning'),
(85, 6, 'Beam(shelf) manager'),
(86, 7, 'Advertising writing (creative)'),
(87, 7, 'Architecture, interior design'),
(88, 7, 'Computer animation & multimedia'),
(89, 7, 'Creative direction, lead'),
(90, 7, 'Fashion & accessories design'),
(91, 7, 'General, other: creative, design'),
(92, 7, 'Graphic arts, illustration'),
(93, 7, 'Industrial design'),
(94, 7, 'Photography and videography'),
(95, 7, 'Web, UI, UX design'),
(96, 7, 'Creator artist'),
(97, 8, 'Account management (non-commissioned)'),
(98, 8, 'Bank teller'),
(99, 8, 'Call center'),
(100, 8, 'Customer training'),
(101, 8, 'Flight attendant'),
(102, 8, 'General, other: customer support, client care'),
(103, 8, 'Hair cutting, styling'),
(104, 8, 'Reservations, ticketing'),
(105, 8, 'Retail customer service'),
(106, 8, 'Technical customer service'),
(107, 8, 'Ground staff'),
(108, 9, 'Digital content development'),
(109, 9, 'Documentation, technical writing'),
(110, 9, 'Editing & proofreading'),
(111, 9, 'General, other: editorial, writing'),
(112, 9, 'Journalism'),
(113, 9, 'Translation, interpretation'),
(114, 10, 'Classroom teaching'),
(115, 10, 'Continuing, adult '),
(116, 10, 'Corporate development and training'),
(117, 10, 'Customer training'),
(118, 10, 'Early childhood care & development'),
(119, 10, 'Elementary school'),
(120, 10, 'Fitness & sports training, instruction'),
(121, 10, 'General, other: training, instruction'),
(122, 10, 'High school'),
(123, 10, 'Junior school'),
(124, 10, 'Library, information centers'),
(125, 10, 'School, college administration'),
(126, 10, 'Software, web training'),
(127, 10, 'Special education'),
(128, 10, 'University '),
(129, 11, 'Aeronautic, avionic engineering'),
(130, 11, 'Bio-engineering'),
(131, 11, 'CAD, drafting'),
(132, 11, 'Chemical engineering'),
(133, 11, 'Civil & structural engineering'),
(134, 11, 'Electrical, electronics engineering'),
(135, 11, 'Energy, nuclear engineering'),
(136, 11, 'Environmental and geological engineering'),
(137, 11, 'General, other: engineering'),
(138, 11, 'Hardware'),
(139, 11, 'Industrial, manufacturing engineering'),
(140, 11, 'Mechanical engineering'),
(141, 11, 'Naval architecture, marine engineering'),
(142, 11, 'RF, wireless engineering'),
(143, 11, 'Systems, process engineering'),
(144, 12, 'Culinary assistant'),
(145, 12, 'Food & beverage serving'),
(146, 12, 'Food preparation, cooking'),
(147, 12, 'Front desk, reception'),
(148, 12, 'General, other: food services'),
(149, 12, 'Guest services, concierge'),
(150, 12, 'Guide (tour) '),
(151, 12, 'Host, hostess'),
(152, 12, 'Restaurant management'),
(153, 12, 'Wine steward (sommelier)'),
(154, 13, 'Academic admissions and advising'),
(155, 13, 'Compensation, benefits policy'),
(156, 13, 'Corporate development and training'),
(157, 13, 'Diversity management, EEO, compliance'),
(158, 13, 'General, other: human resources'),
(159, 13, 'HR systems administration'),
(160, 13, 'Human resources information system project manager'),
(161, 13, 'Payroll and benefits administration'),
(162, 13, 'Recruiting, sourcing '),
(163, 14, 'Computer, electronics, telecomm install, maintain, repair'),
(164, 14, 'Electrician'),
(165, 14, 'Equipment install, maintain, repair'),
(166, 14, 'Facilities management, maintenance'),
(167, 14, 'General, other: installation, maintenance, repair'),
(168, 14, 'HVAC'),
(169, 14, 'Janitorial & cleaning '),
(170, 14, 'Landscaping'),
(171, 14, 'Locksmith'),
(172, 14, 'Oil rig & pipeline install, maintain, repair'),
(173, 14, 'Plumbing, pipefitting'),
(174, 14, 'Vehicle repair and maintenance'),
(175, 14, 'Wire and cable install, maintain, repair'),
(176, 15, 'Computer, network security'),
(177, 15, 'Database development, administration'),
(178, 15, 'Data warehouse, data mining'),
(179, 15, 'Desktop service and support'),
(180, 15, 'Enterprise software implementation & consulting'),
(181, 15, 'ERP, CRM, SCM, CMMS, EAM, e-business, e-commerce'),
(182, 15, 'Game development, programming'),
(183, 15, 'General, other: it, software development'),
(184, 15, 'IT project management'),
(185, 15, 'Network and server administration'),
(186, 15, 'Software, system architecture'),
(187, 15, 'Software, web development'),
(188, 15, 'Systems analysis - IT'),
(189, 15, 'Telecommunications administration, management'),
(190, 15, 'Usability, information architecture'),
(191, 15, 'Web, UI, UX design'),
(192, 16, 'Attorney, barrister'),
(193, 16, 'Contracts administration'),
(194, 16, 'General, other: legal'),
(195, 16, 'Labor & employment law'),
(196, 16, 'Paralegal & legal secretary'),
(197, 16, 'Patent, IP law'),
(198, 16, 'Real estate law'),
(199, 16, 'Regulatory, compliance law'),
(200, 16, 'Solicitor'),
(201, 16, 'Tax law'),
(202, 17, 'Car, van and bus driving'),
(203, 17, 'Cargo and baggage handling'),
(204, 17, 'Cost estimating'),
(205, 17, 'Equipment, forklift, crane operation'),
(206, 17, 'General, other: logistics, transportation'),
(207, 17, 'Hazardous materials handling'),
(208, 17, 'Import, export administration'),
(209, 17, 'Inventory planning and management'),
(210, 17, 'Merchandise planning and buying'),
(211, 17, 'Messenger, courier'),
(212, 17, 'Piloting: air and marine'),
(213, 17, 'Purchasing'),
(214, 17, 'Shipping and receiving, warehousing'),
(215, 17, 'Secured logistics'),
(216, 17, 'Supplier management, vendor management'),
(217, 17, 'Train or rail operator'),
(218, 17, 'Truck driving'),
(219, 17, 'Vehicle dispatch, routing and scheduling'),
(220, 18, 'Agriculture, farming, horticulture, vine growing'),
(221, 18, 'Agro-alimentary production'),
(222, 18, 'Assembly, assembly line'),
(223, 18, 'Audio, video broadcast & postproduction'),
(224, 18, 'Equipment operations'),
(225, 18, 'General, other: production, operations'),
(226, 18, 'Hazardous materials handling'),
(227, 18, 'Laundry and dry-cleaning operations'),
(228, 18, 'Layout, prepress, printing, & binding operations'),
(229, 18, 'Machining, CNC'),
(230, 18, 'Metal fabrication and welding '),
(231, 18, 'Moldmaking, casting'),
(232, 18, 'Operations, plant management'),
(233, 18, 'Post office'),
(234, 18, 'Production, operations planning'),
(235, 18, 'Scientific, technical production'),
(236, 18, 'Sewing and tailoring'),
(237, 18, 'Telecommunications administration, management'),
(238, 18, 'Waste pick-up and removal'),
(239, 18, 'Waste pick-up, removal and cleaning of hazardous materials '),
(240, 18, ''),
(241, 19, 'Brand, product marketing'),
(242, 19, 'Copy writing, editing'),
(243, 19, 'Direct marketing (CRM)'),
(244, 19, 'Events, promotional marketing'),
(245, 19, 'General, other: marketing, product'),
(246, 19, 'Investor and public, media relations'),
(247, 19, 'Market research'),
(248, 19, 'Marketing communications'),
(249, 19, 'Marketing production, traffic'),
(250, 19, 'Media planning and buying'),
(251, 19, 'Product management'),
(252, 19, 'Telemarketing'),
(253, 19, 'Visual, display merchandising'),
(254, 20, 'Dental assistant, hygienist'),
(255, 20, 'Dental practitioner'),
(256, 20, 'EMT, paramedic'),
(257, 20, 'General, other: medical, health'),
(258, 20, 'Geriatric, home care'),
(259, 20, 'Laboratory, pathology'),
(260, 20, 'Medical imaging'),
(261, 20, 'Medical practitioner and specialist'),
(262, 20, 'Medical therapy, rehab services'),
(263, 20, 'Mental health'),
(264, 20, 'Midwifery'),
(265, 20, 'Nursing'),
(266, 20, 'Nutrition and diet'),
(267, 20, 'Optical'),
(268, 20, 'Pharmacy '),
(269, 20, 'Public health administration'),
(270, 20, 'Social service'),
(271, 20, 'Sports medicine, trainer'),
(272, 20, 'Veterinary, animal care '),
(273, 21, 'Career fair'),
(274, 21, 'Other'),
(275, 21, 'Work at home'),
(276, 22, 'Event planning, coordination'),
(277, 22, 'General, other: project, program management'),
(278, 22, 'IT project management'),
(279, 22, 'Program management'),
(280, 22, 'Project management'),
(281, 23, 'Building, construction inspection'),
(282, 23, 'Environmental protection, conservation'),
(283, 23, 'Food safety and inspection'),
(284, 23, 'Fraud investigation'),
(285, 23, 'General, other: quality assurance, safety'),
(286, 23, 'ISO certification'),
(287, 23, 'Occupational health and safety'),
(288, 23, 'Production quality assurance'),
(289, 23, 'Six sigma, black belt, TQM'),
(290, 23, 'Software quality assurance'),
(291, 23, 'Vehicle inspection'),
(292, 23, 'Waste pick-up, removal and cleaning of hazardous materials '),
(293, 24, 'Account management (commissioned)'),
(294, 24, 'Business development, new accounts'),
(295, 24, 'Field sales'),
(296, 24, 'Financial products sales, brokerage'),
(297, 24, 'Fundraising'),
(298, 24, 'General, other: sales, business development'),
(299, 24, 'Insurance agent, broker'),
(300, 24, 'International sales'),
(301, 24, 'Media and advertising sales'),
(302, 24, 'Merchandise planning and buying'),
(303, 24, 'Value analyst, pricing'),
(304, 24, 'Real estate agent, broker'),
(305, 24, 'Retail, counter sales and cashier'),
(306, 24, 'Sales support, assistance'),
(307, 24, 'Store, branch management'),
(308, 24, 'Technical presales support & technical sales'),
(309, 24, 'Telesales'),
(310, 24, 'Travel agent, ticket sales'),
(311, 24, 'Visual, display merchandising'),
(312, 24, 'Wholesale, reselling sales'),
(313, 25, 'Airport security and screening'),
(314, 25, 'Correctional officer'),
(315, 25, 'Customs, immigration'),
(316, 25, 'Firefighting and rescue'),
(317, 25, 'General, other: security, protective services'),
(318, 25, 'Military'),
(319, 25, 'Police-law enforcement'),
(320, 25, 'Secured logistics'),
(321, 25, 'Security guard'),
(322, 25, 'Security intelligence & analysis'),
(323, 25, 'Store security, loss prevention');

INSERT INTO `license_types` (`id`, `name`, `description`) VALUES
(1, 'Insurance number', ''),
(2, 'RBQ - Régie du bâtiment du Québec', '');


INSERT INTO `person_groups` (`id`, `name`, `description`) VALUES
(1, 'Employees', NULL),
(2, 'Clients', NULL),
(3, 'Candidate', NULL),
(4, 'Subcontractor', NULL);

INSERT INTO `phone_type` (`id`, `name`) VALUES
(1, 'Work'),
(2, 'Home'),
(3, 'Mobile'),
(4, 'Other'),
(5, 'Fax');

INSERT INTO `product_category` (`id`, `parent_id`, `title`, `description`, `slug`, `lft`, `rgt`, `lvl`, `position`) VALUES
(1, NULL, 'Tools', 'Some description', 'tools', 1, 8, 0, 1),
(2, 1, 'Another tool', 'Some another tool descroption', 'another-tool', 2, 3, 1, 1),
(3, 1, 'Electrical and Cordless Tools', 'Test-Fidel-2013-M08-05', 'Electrical and Cordless Tools', 4, 7, 1, 1),
(4, 3, 'Circular Saws', 'Circular Saws', 'Circular Saws', 5, 6, 2, 1),
(5, NULL, 'Services', 'Services', 'Services', 9, 12, 0, 1),
(6, 5, 'Medical consulting', 'medical consulting', 'medical consulting', 10, 11, 1, 1),
(7, NULL, 'Histoire', 'Histoire', 'Histoire', 13, 16, 0, 1),
(8, NULL, 'Psychologie', 'Psychologie', 'Psychologie', 17, 18, 0, 3),
(9, 7, 'Monde', 'Monde', 'Monde', 14, 15, 1, 1);

INSERT INTO `product_type` (`id`, `name`, `description`, `type`) VALUES
(1, 'Physical - Cars/Trucs', 'Test-Fidel-2013-M08-05', 'physical'),
(2, 'Physical - Construction Meterials', 'Test-Fidel-2013-M08-05', 'physical'),
(3, 'Physical - Tools', 'Test-Fidel-2013-M08-05', 'physical'),
(4, 'Vitrual - Consulting', 'Test-Fidel-2013-M08-05\r\nnot stockable', 'virtual'),
(5, 'Vitrual - Installation', 'Test-Fidel-2013-M08-05', 'virtual');

INSERT INTO `region` (`id`, `province_id`, `country_id`, `name`) VALUES
(1, 694, 39, 'Abitibi-Témiscamingue'),
(2, 694, 39, 'Bas-Saint-Laurent'),
(3, 694, 39, 'Capitale-Nationale'),
(4, 694, 39, 'Centre-du-Québec'),
(5, 694, 39, 'Chaudière-Appalaches'),
(6, 694, 39, 'Estrie'),
(7, 694, 39, 'Gaspésie–Îles-de-la-Madeleine'),
(8, 694, 39, 'Lanaudière'),
(9, 694, 39, 'Laurentides'),
(10, 694, 39, 'Laval'),
(11, 694, 39, 'Mauricie'),
(12, 694, 39, 'Montréal'),
(13, 694, 39, 'Montérégie'),
(14, 694, 39, 'Nord-du-Québec'),
(15, 694, 39, 'Outaouais'),
(16, 694, 39, 'Saguenay–Lac-Saint-Jean');

INSERT INTO `salary_type` (`id`, `name`, `description`) VALUES
(1, 'By contract', '<p>By contract means we pay a global price every time</p>'),
(2, 'Hourly rate', '<p>This means we pay for every hour he spends. </p>'),
(3, 'Monthly salary', '<p>This means we pay as employee</p>');

INSERT INTO `social_media_type` (`id`, `name`) VALUES
(1, 'Blog'),
(2, 'Facebook'),
(3, 'Google+'),
(4, 'LinkedIn'),
(5, 'RSS'),
(6, 'Twitter'),
(7, 'Viadeo'),
(8, 'Vimeo'),
(9, 'Web Site Address'),
(10, 'Youtube');

INSERT INTO `tax_type` (`id`, `name`, `description`) VALUES
(1, 'TPS/TVH', 'TPS/TVH or GST/HST :\r\n\r\nThe GST is a tax that applies to the supply of most property and services in Canada.'),
(2, 'TVQ/GST', 'The Québec sales tax (QST), which is calculated at a rate of 9.975%');

SET FOREIGN_KEY_CHECKS=1;