
SET FOREIGN_KEY_CHECKS=0;

INSERT INTO `social_media` (`id`, `sm_type_id`, `content`) VALUES
(1, 2, 'test-fidel-2013-M08-26'),
(2, 6, '@groupesp');

INSERT INTO `skill_category` (`id`, `sector_id`, `speciality_id`, `user_id`, `parent_id`, `use_for_evaluation`, `value`, `title`, `description`, `slug`, `lft`, `rgt`, `lvl`, `position`) VALUES
(1, 5, 57, NULL, NULL, 1, 10, 'Test-Skill-2013-M08-21', '<p>Test-Skill-2013-M08-21</p>', 'Test-Skill-2013-M08-21', 3, 4, 0, 1),
(2, 5, 57, NULL, NULL, 0, 10, 'Test-Skill-2013-M08-21-N2', '<p>Test-Skill-2013-M08-21-N2</p>', 'Test-Skill-2013-M08-21-N2', 5, 6, 0, 1),
(3, 1, 1, NULL, NULL, 1, 10, 'Test-Skill-2013-M08-21-commis', '<p>Test-Skill-2013-M08-21-commis</p>', 'Test-Skill-2013-M08-21-commis', 1, 2, 0, 1),
(4, 1, 1, 1, NULL, 0, 0, '3', '<p>bla</p>', '3', 7, 8, 0, 1),
(5, 1, 1, NULL, NULL, 1, 20, 'Test-Skill-2013-M08-21-Blabla', '<p>Test-Skill-2013-M08-21-Blabla</p>', 'Test-Skill-2013-M08-21-Blabla', 9, 10, 0, 2),
(6, 2, 25, NULL, NULL, 1, 20, 'Test-Skill-2013-M08-21-wao-will-it-work-?', '<p>Test-Skill-2013-M08-21-wao-will-it-work-?</p>', 'Test-Skill-2013-M08-21-wao-will-it-work-?', 11, 12, 0, 3),
(7, 5, 57, 1, NULL, 0, 0, '1', NULL, '1', 13, 14, 0, 1),
(8, 5, 57, 1, NULL, 0, 0, '7', NULL, '7', 15, 16, 0, 1),
(9, 5, 57, 1, NULL, 0, 0, '8', NULL, '8', 17, 18, 0, 1),
(10, 5, 57, 1, NULL, 0, 0, '9', NULL, '9', 19, 20, 0, 1),
(11, 5, 57, 1, NULL, 0, 0, '10', NULL, '10', 21, 22, 0, 1),
(12, 5, 57, 1, NULL, 0, 0, '11', NULL, '11', 23, 24, 0, 1),
(13, 5, 57, 1, NULL, 0, 0, '12', NULL, '12', 25, 26, 0, 1),
(14, 5, 57, 1, NULL, 0, 0, '12', NULL, '12', 27, 28, 0, 1),
(15, 5, 57, 1, NULL, 0, 0, '14', NULL, '14', 29, 30, 0, 1),
(16, 5, 57, 1, NULL, 0, 0, '11', NULL, '11', 31, 32, 0, 1),
(17, 2, 26, 1, NULL, 0, 0, 'sdsdfsdfsdf', NULL, 'sdsdfsdfsdf', 33, 34, 0, 1),
(18, 1, 2, 1, NULL, 0, 0, 'Test Skill', NULL, 'test-skill', 35, 36, 0, 1),
(19, 2, 25, 1, NULL, 0, 0, 'Testsdfsdfsdfsdf', NULL, 'testsdfsdfsdfsdf', 37, 38, 0, 1);

INSERT INTO `salary_info` (`id`, `currency_id`, `salary_type_id`, `amount`, `monday`, `tuesday`, `wednesday`, `thursday`, `friday`, `saturday`, `sunday`) VALUES
(1, 27, 2, 20, 8, 8, 8, 8, 3, 3, 3),
(2, 27, NULL, NULL, NULL, NULL, NULL, NULL, NULL, NULL, NULL),
(3, NULL, 1, NULL,  NULL, NULL, NULL, NULL, NULL, NULL, NULL),
(4, 27, 2, 17, 0, NULL, NULL, NULL, NULL, NULL, NULL),
(5, 27, 2, 16, NULL, NULL, NULL, NULL, NULL, NULL, NULL),
(6, 27, 2, 18, NULL, NULL, NULL, NULL, NULL, NULL, NULL);

INSERT INTO `prices` (`id`, `list_price`, `purchase_price`, `sell_price`, `calc_on_sell_price`, `special_price`, `spp_date_from`, `spp_date_to`, `dont_show_on_front`, `employee_commision`) VALUES
(1, 575.00, NULL, 152.15, 0, NULL, NULL, NULL, 0, 5),
(2, NULL, NULL, 229.99, 0, NULL, NULL, NULL, 0, 10),
(3, 300.00, 120.00, 150.00, 1, 135.00, NULL, NULL, 0, 0.5),
(4, 150.00, 50.00, 90.00, 0, 70.00, '2013-09-01 00:00:00', '2013-09-08 00:00:00', 0, 3),
(5, 100.00, 65.00, 80.00, 1, 70.00, '2013-09-01 00:00:00', '2013-08-03 00:00:00', 1, 2);

INSERT INTO `phones` (`id`, `phone_iso_id`, `phone_type_id`, `number`, `extension`, `created_at`, `updated_at`) VALUES
(1, 38, 1, '5145245173', NULL, '2013-08-19 18:14:51', '2013-09-24 14:10:53'),
(2, 38, 5, '5145245173', NULL, '2013-08-19 18:14:51', '2013-09-24 14:10:53'),
(3, 38, 1, '5145242362', NULL, '2013-08-19 18:14:51', '2013-08-21 10:23:37'),
(4, 38, 2, '5147502553', NULL, '2013-08-19 18:14:51', '2013-08-19 18:14:51'),
(5, 38, 3, '5148211058', NULL, '2013-08-19 18:14:51', '2013-08-19 18:14:51'),
(6, 38, 1, '5145242362', '', '2013-08-19 18:14:51', '2013-08-19 18:14:51'),
(7, 38, 3, '5147068591', NULL, '2013-08-19 18:14:51', '2013-08-19 18:14:51'),
(8, 38, 1, '5145242362', '', '2013-08-19 18:14:51', '2013-08-19 18:14:51'),
(9, 38, 2, '5144033385', NULL, '2013-08-19 18:14:51', '2013-08-19 18:14:51'),
(10, 38, 3, '5148851850', NULL, '2013-08-19 18:14:51', '2013-08-19 18:14:51'),
(11, 38, 1, '5145242362', '', '2013-08-19 18:14:51', '2013-08-19 18:14:51'),
(12, 38, 2, '4505632315', NULL, '2013-08-19 18:14:51', '2013-08-19 18:14:51'),
(13, 38, 3, '4505163828', NULL, '2013-08-19 18:14:51', '2013-08-19 18:14:51'),
(14, 38, 4, '4505163828', NULL, '2013-08-19 18:14:51', '2013-08-19 18:14:51'),
(15, 38, 1, '5145242362', '', '2013-08-19 18:14:51', '2013-08-19 18:14:51'),
(16, 38, 2, '4509227524', NULL, '2013-08-19 18:14:51', '2013-08-19 18:14:51'),
(17, 38, 3, '5142222009', NULL, '2013-08-19 18:14:51', '2013-08-19 18:14:51'),
(18, 38, 1, '5145242362', '', '2013-08-19 18:14:51', '2013-08-19 18:14:51'),
(19, 38, 2, '4508128038', NULL, '2013-08-19 18:14:51', '2013-08-19 18:14:51'),
(20, 38, 4, '4387773349', NULL, '2013-08-19 18:14:51', '2013-08-19 18:14:51'),
(21, 38, 1, '5145242362', '', '2013-08-19 18:14:51', '2013-08-19 18:14:51'),
(22, 38, 3, '5145660031', NULL, '2013-08-19 18:14:51', '2013-08-19 18:14:51'),
(23, 38, 1, '5145242362', '', '2013-08-19 18:14:51', '2013-08-19 18:14:51'),
(24, 38, 2, '5145692894', NULL, '2013-08-19 18:14:51', '2013-08-19 18:14:51'),
(25, 38, 1, '5145242362', '', '2013-08-19 18:14:51', '2013-08-19 18:14:51'),
(26, 38, 2, '4502508044', NULL, '2013-08-19 18:14:51', '2013-08-19 18:14:51'),
(27, 38, 3, '5148080677', NULL, '2013-08-19 18:14:51', '2013-08-19 18:14:51'),
(28, 38, 1, '5145242362', '206', '2013-08-19 18:14:51', '2013-08-19 18:14:51'),
(29, 38, 2, '5146574981', NULL, '2013-08-19 18:14:51', '2013-08-19 18:14:51'),
(30, 38, 1, '5145242362', '', '2013-08-19 18:14:51', '2013-08-19 18:14:51'),
(31, 38, 2, '5145275052', NULL, '2013-08-19 18:14:51', '2013-08-19 18:14:51'),
(32, 38, 3, '5147302460', NULL, '2013-08-19 18:14:51', '2013-08-19 18:14:51'),
(33, 38, 1, '5145242362', '', '2013-08-19 18:14:51', '2013-08-19 18:14:51'),
(34, 38, 2, '4509375413', NULL, '2013-08-19 18:14:51', '2013-08-19 18:14:51'),
(35, 38, 3, '5142585999', NULL, '2013-08-19 18:14:51', '2013-08-19 18:14:51'),
(36, 38, 1, '5145242362', '', '2013-08-19 18:14:51', '2013-08-19 18:14:51'),
(37, 38, 2, '5145448057', NULL, '2013-08-19 18:14:51', '2013-08-19 18:14:51'),
(38, 38, 3, '5142484321', NULL, '2013-08-19 18:14:51', '2013-08-19 18:14:51'),
(39, 38, 4, '5143182695', NULL, '2013-08-19 18:14:51', '2013-08-19 18:14:51'),
(40, 38, 1, '5145242362', '', '2013-08-19 18:14:51', '2013-08-19 18:14:51'),
(41, 38, 2, '5148901780', NULL, '2013-08-19 18:14:51', '2013-08-19 18:14:51'),
(42, 38, 3, '5144521780', NULL, '2013-08-19 18:14:51', '2013-08-19 18:14:51'),
(43, 38, 1, '5145242362', '', '2013-08-19 18:14:51', '2013-08-19 18:14:51'),
(44, 38, 3, '4389327111', NULL, '2013-08-19 18:14:51', '2013-08-19 18:14:51'),
(45, 38, 1, '5145242362', '', '2013-08-19 18:14:51', '2013-08-19 18:14:51'),
(46, 38, 2, '4505101560', NULL, '2013-08-19 18:14:51', '2013-08-19 18:14:51'),
(47, 38, 3, '5142673452', NULL, '2013-08-19 18:14:51', '2013-08-19 18:14:51'),
(48, 38, 4, '5149410931', NULL, '2013-08-19 18:14:51', '2013-08-19 18:14:51'),
(49, 38, 1, '5145242362', '202', '2013-08-19 18:14:51', '2013-08-19 18:14:51'),
(50, 38, 2, '5145932722', NULL, '2013-08-19 18:14:51', '2013-08-19 18:14:51'),
(51, 38, 3, '5148219317', NULL, '2013-08-19 18:14:51', '2013-08-19 18:14:51'),
(52, 38, 1, '5145242362', '', '2013-08-19 18:14:51', '2013-08-19 18:14:51'),
(53, 38, 2, '4303801895', NULL, '2013-08-19 18:14:51', '2013-08-19 18:14:51'),
(54, 38, 3, '4388882890', NULL, '2013-08-19 18:14:51', '2013-08-19 18:14:51'),
(55, 38, 1, '5145242362', '203', '2013-08-19 18:14:51', '2013-08-19 18:14:51'),
(56, 38, 3, '5148218146', NULL, '2013-08-19 18:14:51', '2013-08-19 18:14:51'),
(57, 38, 1, '5145242362', '201', '2013-08-19 18:14:51', '2013-08-19 18:14:51'),
(58, 38, 3, '5148218143', NULL, '2013-08-19 18:14:51', '2013-08-19 18:14:51'),
(59, 38, 1, '5145242362', NULL, '2013-08-19 18:14:51', '2013-08-29 10:56:37'),
(60, 38, 3, '5145817599', NULL, '2013-08-19 18:14:51', '2013-08-19 18:14:51'),
(61, 38, 1, '5145242362', '211', '2013-08-19 18:14:51', '2013-08-19 18:14:51'),
(62, 38, 2, '5145876322', NULL, '2013-08-19 18:14:51', '2013-08-19 18:14:51'),
(63, 38, 1, '5145242362', '', '2013-08-19 18:14:51', '2013-08-19 18:14:51'),
(64, 38, 3, '4388799318', NULL, '2013-08-19 18:14:51', '2013-08-19 18:14:51'),
(65, 38, 2, '5142761084', NULL, '2013-08-19 18:14:51', '2013-08-19 18:14:51'),
(66, 38, 3, '5148862510', NULL, '2013-08-19 18:14:51', '2013-08-19 18:14:51'),
(67, 38, 3, '5142452388', NULL, '2013-08-19 18:14:51', '2013-08-19 18:14:51'),
(68, 38, 2, '5142809813', NULL, '2013-08-19 18:14:51', '2013-08-19 18:14:51'),
(69, 38, 3, '5143875558', NULL, '2013-08-19 18:14:51', '2013-08-19 18:14:51'),
(70, 38, 3, '5149374257', NULL, '2013-08-19 18:14:51', '2013-08-19 18:14:51'),
(71, 38, 3, '5148424614', NULL, '2013-08-19 18:14:51', '2013-08-19 18:14:51'),
(72, 38, 3, '5146183660', NULL, '2013-08-19 18:14:51', '2013-08-19 18:14:51'),
(73, 38, 2, '5148908254', NULL, '2013-08-19 18:14:51', '2013-08-19 18:14:51'),
(74, 38, 3, '5142933984', NULL, '2013-08-19 18:14:51', '2013-08-19 18:14:51'),
(75, 38, 3, '5143329366', NULL, '2013-08-19 18:14:51', '2013-08-19 18:14:51'),
(76, 38, 3, '5146513666', NULL, '2013-08-19 18:14:51', '2013-08-19 18:14:51'),
(77, 38, 3, '5148251906', NULL, '2013-08-19 18:14:51', '2013-08-19 18:14:51'),
(78, 38, 3, '5149419856', NULL, '2013-08-19 18:14:51', '2013-08-19 18:14:51'),
(79, 38, 3, '5142791914', NULL, '2013-08-19 18:14:51', '2013-08-19 18:14:51'),
(80, 38, 3, '5148306531', NULL, '2013-08-19 18:14:51', '2013-08-19 18:14:51'),
(81, 38, 2, '5144339376', NULL, '2013-08-19 18:14:51', '2013-08-19 18:14:51'),
(82, 38, 3, '5142598247', NULL, '2013-08-19 18:14:51', '2013-08-19 18:14:51'),
(83, 38, 3, '5145915284', NULL, '2013-08-19 18:14:51', '2013-08-19 18:14:51'),
(84, 38, 3, '5148125567', NULL, '2013-08-19 18:14:51', '2013-08-19 18:14:51'),
(85, 38, 3, '5143894785', NULL, '2013-08-19 18:14:51', '2013-08-19 18:14:51'),
(86, 38, 3, '5146798566', NULL, '2013-08-19 18:14:51', '2013-08-19 18:14:51'),
(87, 38, 3, '5146882097', NULL, '2013-08-19 18:14:51', '2013-08-19 18:14:51'),
(88, 38, 3, '5143317602', NULL, '2013-08-19 18:14:51', '2013-08-19 18:14:51'),
(89, 38, 3, '5142443832', NULL, '2013-08-19 18:14:51', '2013-08-19 18:14:51'),
(90, 38, 2, '5143907954', NULL, '2013-08-19 18:14:51', '2013-08-19 18:14:51'),
(91, 38, 3, '4387776158', NULL, '2013-08-19 18:14:51', '2013-08-19 18:14:51'),
(92, 38, 1, '5145270518', '1925', '2013-08-19 18:14:51', '2013-08-19 18:14:51'),
(93, 38, 3, '5149614214', NULL, '2013-08-19 18:14:51', '2013-08-19 18:14:51'),
(94, 38, 3, '5148580778', NULL, '2013-08-19 18:14:51', '2013-08-19 18:14:51'),
(95, 38, 3, '5147456575', NULL, '2013-08-19 18:14:51', '2013-08-19 18:14:51'),
(96, 38, 2, '5142373113', NULL, '2013-08-19 18:14:51', '2013-08-19 18:14:51'),
(97, 38, 3, '4509043175', NULL, '2013-08-19 18:14:51', '2013-08-19 18:14:51'),
(98, 38, 3, '5149335379', NULL, '2013-08-19 18:14:51', '2013-08-19 18:14:51'),
(99, 38, 3, '5149924160', NULL, '2013-08-19 18:14:51', '2013-08-19 18:14:51'),
(100, 38, 3, '5147336227', NULL, '2013-08-19 18:14:51', '2013-08-19 18:14:51'),
(101, 38, 3, '5143410027', NULL, '2013-08-19 18:14:51', '2013-08-19 18:14:51'),
(102, 38, 2, '5149124954', NULL, '2013-08-19 18:14:51', '2013-08-19 18:14:51'),
(103, 38, 3, '5147174954', NULL, '2013-08-19 18:14:51', '2013-08-19 18:14:51'),
(104, 38, 3, '5149142489', NULL, '2013-08-19 18:14:51', '2013-08-19 18:14:51'),
(105, 38, 3, '5145257374', NULL, '2013-08-19 18:14:51', '2013-08-19 18:14:51'),
(106, 38, 3, '5146927705', NULL, '2013-08-19 18:14:51', '2013-08-19 18:14:51'),
(107, 38, 3, '5149520989', NULL, '2013-08-19 18:14:51', '2013-08-19 18:14:51'),
(108, 38, 3, '5148026357', NULL, '2013-08-19 18:14:51', '2013-08-19 18:14:51'),
(109, 38, 1, '9146491537', '', '2013-08-19 18:14:51', '2013-08-19 18:14:51'),
(110, 38, 3, '2034380604', NULL, '2013-08-19 18:14:51', '2013-08-19 18:14:51'),
(111, 38, 3, '13152766141', NULL, '2013-08-19 18:14:51', '2013-08-19 18:14:51'),
(112, 38, 2, '5142977797', NULL, '2013-08-19 18:14:51', '2013-08-19 18:14:51'),
(113, 38, 3, '5142810177', NULL, '2013-08-19 18:14:51', '2013-08-19 18:14:51'),
(114, 38, 3, '4504669984', NULL, '2013-08-19 18:14:51', '2013-08-19 18:14:51'),
(115, 38, 3, '5145677048', NULL, '2013-08-19 18:14:51', '2013-08-19 18:14:51'),
(116, 38, 3, '5145018563', NULL, '2013-08-19 18:14:51', '2013-08-19 18:14:51'),
(117, 38, 3, '5148988042', NULL, '2013-08-19 18:14:51', '2013-08-19 18:14:51'),
(118, 38, 3, '5148990094', NULL, '2013-08-19 18:14:51', '2013-08-19 18:14:51'),
(119, 38, 3, '5149776943', NULL, '2013-08-19 18:14:51', '2013-08-19 18:14:51'),
(120, 38, 3, '5144868304', NULL, '2013-08-19 18:14:51', '2013-08-19 18:14:51'),
(121, 38, 3, '4505673720', NULL, '2013-08-19 18:14:51', '2013-08-19 18:14:51'),
(122, 38, 3, '5143460277', NULL, '2013-08-19 18:14:51', '2013-08-19 18:14:51'),
(123, 38, 3, '5144636155', NULL, '2013-08-19 18:14:51', '2013-08-19 18:14:51'),
(124, 38, 1, '5145937316', '', '2013-08-19 18:14:51', '2013-08-19 18:14:51'),
(125, 38, 3, '5147484295', NULL, '2013-08-19 18:14:51', '2013-08-19 18:14:51'),
(126, 38, 2, '5142784471', NULL, '2013-08-19 18:14:51', '2013-08-19 18:14:51'),
(127, 38, 3, '5149108304', NULL, '2013-08-19 18:14:51', '2013-08-19 18:14:51'),
(128, 38, 3, '5145674167', NULL, '2013-08-19 18:14:51', '2013-08-19 18:14:51'),
(129, 38, 2, '5145640340', NULL, '2013-08-19 18:14:51', '2013-08-19 18:14:51'),
(130, 38, 3, '5149632882', NULL, '2013-08-19 18:14:51', '2013-08-19 18:14:51'),
(131, 38, 3, '5142749899', NULL, '2013-08-19 18:14:51', '2013-08-19 18:14:51'),
(132, 38, 3, '4509230655', NULL, '2013-08-19 18:14:51', '2013-08-19 18:14:51'),
(133, 38, 3, '4506712657', NULL, '2013-08-19 18:14:51', '2013-08-19 18:14:51'),
(134, 38, 3, '4506411277', NULL, '2013-08-19 18:14:51', '2013-08-19 18:14:51'),
(135, 38, 3, '5142599017', NULL, '2013-08-19 18:14:51', '2013-08-19 18:14:51'),
(136, 38, 2, '5142833746', NULL, '2013-08-19 18:14:51', '2013-08-19 18:14:51'),
(137, 38, 3, '5145225290', NULL, '2013-08-19 18:14:51', '2013-08-19 18:14:51'),
(138, 38, 3, '5142402460', NULL, '2013-08-19 18:14:51', '2013-08-19 18:14:51'),
(139, 38, 3, '5143899281', NULL, '2013-08-19 18:14:51', '2013-08-19 18:14:51'),
(140, 38, 1, '5142132254', '', '2013-08-19 18:14:51', '2013-08-19 18:14:51'),
(141, 38, 3, '5145555151', NULL, '2013-08-19 18:14:51', '2013-08-19 18:14:51'),
(142, 38, 3, '5142685140', NULL, '2013-08-19 18:14:51', '2013-08-19 18:14:51'),
(143, 38, 3, '5147683672', NULL, '2013-08-19 18:14:51', '2013-08-19 18:14:51'),
(144, 38, 3, '5149661710', NULL, '2013-08-19 18:14:51', '2013-08-19 18:14:51'),
(145, 38, 2, '5147376399', NULL, '2013-08-19 18:14:51', '2013-08-19 18:14:51'),
(146, 38, 3, '5149265308', NULL, '2013-08-19 18:14:51', '2013-08-19 18:14:51'),
(147, 38, 1, '5147374298', '', '2013-08-19 18:14:51', '2013-08-19 18:14:51'),
(148, 38, 3, '5147352281', NULL, '2013-08-19 18:14:51', '2013-08-19 18:14:51'),
(149, 38, 3, '5147250128', NULL, '2013-08-19 18:14:51', '2013-08-19 18:14:51'),
(150, 38, 1, '5612592388', '', '2013-08-19 18:14:51', '2013-08-19 18:14:51'),
(151, 38, 3, '5619978595', NULL, '2013-08-19 18:14:51', '2013-08-19 18:14:51'),
(152, 38, 3, '5148460540', NULL, '2013-08-19 18:14:51', '2013-08-19 18:14:51'),
(153, 38, 3, '5143893683', NULL, '2013-08-19 18:14:51', '2013-08-19 18:14:51'),
(154, 38, 3, '5143824992', NULL, '2013-08-19 18:14:51', '2013-08-19 18:14:51'),
(155, 38, 1, '5144869786', '', '2013-08-19 18:14:51', '2013-08-19 18:14:51'),
(156, 38, 3, '5142437281', NULL, '2013-08-19 18:14:51', '2013-08-19 18:14:51'),
(157, 38, 3, '5148426086', NULL, '2013-08-19 18:14:51', '2013-08-19 18:14:51'),
(158, 38, 3, '5145290186', NULL, '2013-08-19 18:14:51', '2013-08-19 18:14:51'),
(159, 38, 1, '5145949917', '', '2013-08-19 18:14:51', '2013-08-19 18:14:51'),
(160, 38, 3, '5148722172', NULL, '2013-08-19 18:14:51', '2013-08-19 18:14:51'),
(161, 38, 1, '5143851646', '', '2013-08-19 18:14:51', '2013-08-19 18:14:51'),
(162, 38, 3, '5145131646', NULL, '2013-08-19 18:14:51', '2013-08-19 18:14:51'),
(163, 38, 3, '5142555151', NULL, '2013-08-19 18:14:51', '2013-08-19 18:14:51'),
(164, 38, 3, '5143470445', NULL, '2013-08-19 18:14:51', '2013-08-19 18:14:51'),
(165, 38, 3, '5149890184', NULL, '2013-08-19 18:14:51', '2013-08-19 18:14:51'),
(166, 38, 3, '5149350854', NULL, '2013-08-19 18:14:51', '2013-08-19 18:14:51'),
(167, 38, 1, '5148150420', '', '2013-08-19 18:14:51', '2013-08-19 18:14:51'),
(168, 38, 3, '5144857805', NULL, '2013-08-19 18:14:51', '2013-08-19 18:14:51'),
(169, 38, 3, '5148950004', NULL, '2013-08-19 18:14:51', '2013-08-19 18:14:51'),
(170, 38, 3, '5149461604', NULL, '2013-08-19 18:14:51', '2013-08-19 18:14:51'),
(171, 38, 3, '5147626528', NULL, '2013-08-19 18:14:51', '2013-08-19 18:14:51'),
(172, 38, 3, '5148354505', NULL, '2013-08-19 18:14:51', '2013-08-19 18:14:51'),
(173, 38, 1, '5147395070', '4001', '2013-08-19 18:14:51', '2013-08-19 18:14:51'),
(174, 38, 3, '5147280306', NULL, '2013-08-19 18:14:51', '2013-08-19 18:14:51'),
(175, 38, 3, '5147671206', NULL, '2013-08-19 18:14:51', '2013-08-19 18:14:51'),
(176, 38, 3, '5142271190', NULL, '2013-08-19 18:14:51', '2013-08-19 18:14:51'),
(177, 38, 3, '4505521223', NULL, '2013-08-19 18:14:51', '2013-08-19 18:14:51'),
(178, 38, 3, '5143532760', NULL, '2013-08-19 18:14:51', '2013-08-19 18:14:51'),
(179, 38, 3, '5148991407', NULL, '2013-08-19 18:14:51', '2013-08-19 18:14:51'),
(180, 38, 3, '5149341853', NULL, '2013-08-19 18:14:51', '2013-08-19 18:14:51'),
(181, 38, 3, '5148139090', NULL, '2013-08-19 18:14:51', '2013-08-19 18:14:51'),
(182, 38, 1, '5143846366', '', '2013-08-19 18:14:51', '2013-08-19 18:14:51'),
(183, 38, 3, '5148734747', NULL, '2013-08-19 18:14:51', '2013-08-19 18:14:51'),
(184, 38, 1, '4506510754', '', '2013-08-19 18:14:51', '2013-08-19 18:14:51'),
(185, 38, 3, '5149822086', NULL, '2013-08-19 18:14:51', '2013-08-19 18:14:51'),
(186, 38, 3, '5143443973', NULL, '2013-08-19 18:14:51', '2013-08-19 18:14:51'),
(187, 38, 1, '5142544693', '', '2013-08-19 18:14:51', '2013-08-19 18:14:51'),
(188, 38, 3, '5142491240', NULL, '2013-08-19 18:14:51', '2013-08-19 18:14:51'),
(189, 38, 3, '5143435595', NULL, '2013-08-19 18:14:51', '2013-08-19 18:14:51'),
(190, 38, 1, '5147390140', '', '2013-08-19 18:14:51', '2013-08-19 18:14:51'),
(191, 38, 3, '5149106935', NULL, '2013-08-19 18:14:51', '2013-08-19 18:14:51'),
(192, 38, 3, '5142712678', NULL, '2013-08-19 18:14:51', '2013-08-19 18:14:51'),
(193, 38, 1, '5142763444', '', '2013-08-19 18:14:51', '2013-08-19 18:14:51'),
(194, 38, 3, '5149870333', NULL, '2013-08-19 18:14:51', '2013-08-19 18:14:51'),
(195, 38, 1, '5148472647', '', '2013-08-19 18:14:51', '2013-08-19 18:14:51'),
(196, 38, 3, '5149873000', NULL, '2013-08-19 18:14:51', '2013-08-19 18:14:51'),
(197, 38, 3, '5142992727', NULL, '2013-08-19 18:14:51', '2013-08-19 18:14:51'),
(198, 38, 1, '5145082515', '', '2013-08-19 18:14:51', '2013-08-19 18:14:51'),
(199, 38, 3, '5144412146', NULL, '2013-08-19 18:14:51', '2013-08-19 18:14:51'),
(200, 38, 4, '5143935761', NULL, '2013-08-19 18:14:51', '2013-08-19 18:14:51'),
(201, 38, 3, '5147142035', NULL, '2013-08-19 18:14:51', '2013-08-19 18:14:51'),
(202, 38, 3, '5143541933', NULL, '2013-08-19 18:14:51', '2013-08-19 18:14:51'),
(203, 38, 3, '5147143109', NULL, '2013-08-19 18:14:51', '2013-08-19 18:14:51'),
(204, 38, 3, '5145704120', NULL, '2013-08-19 18:14:51', '2013-08-19 18:14:51'),
(205, 38, 4, '5143034375', NULL, '2013-08-19 18:14:51', '2013-08-19 18:14:51'),
(206, 38, 3, '5146868950', NULL, '2013-08-19 18:14:51', '2013-08-19 18:14:51'),
(207, 38, 1, '5147293198', '', '2013-08-19 18:14:51', '2013-08-19 18:14:51'),
(208, 38, 3, '5145122039', NULL, '2013-08-19 18:14:51', '2013-08-19 18:14:51'),
(209, 38, 3, '5049335888', NULL, '2013-08-19 18:14:51', '2013-08-19 18:14:51'),
(210, 38, 4, '5144762248', NULL, '2013-08-19 18:14:51', '2013-08-19 18:14:51'),
(211, 38, 2, '4388867121', NULL, '2013-08-19 18:14:51', '2013-08-19 18:14:51'),
(212, 38, 1, '5149324187', '', '2013-08-19 18:14:51', '2013-08-19 18:14:51'),
(213, 38, 3, '5148157376', NULL, '2013-08-19 18:14:51', '2013-08-19 18:14:51'),
(214, 38, 1, '5142676707', '6250', '2013-08-19 18:14:51', '2013-08-19 18:14:51'),
(215, 38, 3, '5142881551', NULL, '2013-08-19 18:14:51', '2013-08-19 18:14:51'),
(216, 38, 3, '5142793647', NULL, '2013-08-19 18:14:51', '2013-08-19 18:14:51'),
(217, 38, 3, '5147077336', NULL, '2013-08-19 18:14:51', '2013-08-19 18:14:51'),
(218, 38, 3, '5143836243', NULL, '2013-08-19 18:14:51', '2013-08-19 18:14:51'),
(219, 38, 3, '5149665895', NULL, '2013-08-19 18:14:51', '2013-08-19 18:14:51'),
(220, 38, 1, '5147615347', '1699', '2013-08-19 18:14:51', '2013-08-19 18:14:51'),
(221, 38, 3, '5147748870', NULL, '2013-08-19 18:14:51', '2013-08-19 18:14:51'),
(222, 38, 3, '5149155331', NULL, '2013-08-19 18:14:51', '2013-08-19 18:14:51'),
(223, 38, 1, '5148335025', '792', '2013-08-19 18:14:51', '2013-08-19 18:14:51'),
(224, 38, 3, '5147477777', NULL, '2013-08-19 18:14:51', '2013-08-19 18:14:51'),
(225, 38, 3, '5144977930', NULL, '2013-08-19 18:14:51', '2013-08-19 18:14:51'),
(226, 38, 3, '5142772827', NULL, '2013-08-19 18:14:51', '2013-08-19 18:14:51'),
(227, 38, 3, '5146052433', NULL, '2013-08-19 18:14:51', '2013-08-19 18:14:51'),
(228, 38, 3, '5145782057', NULL, '2013-08-19 18:14:51', '2013-08-19 18:14:51'),
(229, 38, 1, '5147275211', '5290', '2013-08-19 18:14:51', '2013-08-19 18:14:51'),
(230, 38, 3, '5142142322', NULL, '2013-08-19 18:14:51', '2013-08-19 18:14:51'),
(231, 38, 1, '5147768133', '3848', '2013-08-19 18:14:51', '2013-08-19 18:14:51'),
(232, 38, 3, '5143696007', NULL, '2013-08-19 18:14:51', '2013-08-19 18:14:51'),
(233, 38, 1, '5142718555', '155', '2013-08-19 18:14:51', '2013-08-19 18:14:51'),
(234, 38, 3, '5148278555', NULL, '2013-08-19 18:14:51', '2013-08-19 18:14:51'),
(235, 38, 3, '5142069282', NULL, '2013-08-19 18:14:51', '2013-08-19 18:14:51'),
(236, 38, 4, '5142554636', NULL, '2013-08-19 18:14:51', '2013-08-19 18:14:51'),
(237, 38, 3, '4388681315', NULL, '2013-08-19 18:14:51', '2013-08-19 18:14:51'),
(238, 38, 1, '5142594848', '6646', '2013-08-19 18:14:51', '2013-08-19 18:14:51'),
(239, 38, 3, '5142292487', NULL, '2013-08-19 18:14:51', '2013-08-19 18:14:51'),
(240, 38, 3, '5145869036', NULL, '2013-08-19 18:14:51', '2013-08-19 18:14:51'),
(241, 38, 1, '5143742775', '5157', '2013-08-19 18:14:51', '2013-08-19 18:14:51'),
(242, 38, 3, '4388380398', NULL, '2013-08-19 18:14:51', '2013-08-19 18:14:51'),
(243, 38, 1, '5142726668', '6592', '2013-08-19 18:14:51', '2013-08-19 18:14:51'),
(244, 38, 3, '5146530707', NULL, '2013-08-19 18:14:51', '2013-08-19 18:14:51'),
(245, 38, 1, '5149375432', '150', '2013-08-19 18:14:51', '2013-08-19 18:14:51'),
(246, 38, 3, '5146551956', NULL, '2013-08-19 18:14:51', '2013-08-19 18:14:51'),
(247, 38, 1, '5143900629', '4112', '2013-08-19 18:14:51', '2013-08-19 18:14:51'),
(248, 38, 3, '5142851122', NULL, '2013-08-19 18:14:51', '2013-08-19 18:14:51'),
(249, 38, 3, '5143824726', NULL, '2013-08-19 18:14:51', '2013-08-19 18:14:51'),
(250, 38, 3, '5143834578', NULL, '2013-08-19 18:14:51', '2013-08-19 18:14:51'),
(251, 38, 3, '5147767454', NULL, '2013-08-19 18:14:51', '2013-08-19 18:14:51'),
(252, 38, 1, '5147394320', '7390', '2013-08-19 18:14:51', '2013-08-19 18:14:51'),
(253, 38, 3, '5144622012', NULL, '2013-08-19 18:14:51', '2013-08-19 18:14:51'),
(254, 38, 1, '5142514734', '5810', '2013-08-19 18:14:51', '2013-08-19 18:14:51'),
(255, 38, 3, '5142838529', NULL, '2013-08-19 18:14:51', '2013-08-19 18:14:51'),
(256, 38, 3, '5149992889', NULL, '2013-08-19 18:14:51', '2013-08-19 18:14:51'),
(257, 38, 3, '5144952103', NULL, '2013-08-19 18:14:51', '2013-08-19 18:14:51'),
(258, 38, 3, '5145838019', NULL, '2013-08-19 18:14:51', '2013-08-19 18:14:51'),
(259, 38, 3, '4506724833', NULL, '2013-08-19 18:14:51', '2013-08-19 18:14:51'),
(260, 38, 3, '5147230529', NULL, '2013-08-19 18:14:51', '2013-08-19 18:14:51'),
(261, 38, 3, '5142570192', NULL, '2013-08-19 18:14:51', '2013-08-19 18:14:51'),
(262, 38, 3, '5143899127', NULL, '2013-08-19 18:14:51', '2013-08-19 18:14:51'),
(263, 38, 1, '5148669995', '3245', '2013-08-19 18:14:51', '2013-08-19 18:14:51'),
(264, 38, 3, '5148316251', NULL, '2013-08-19 18:14:51', '2013-08-19 18:14:51'),
(265, 38, 3, '5145884687', NULL, '2013-08-19 18:14:51', '2013-08-19 18:14:51'),
(266, 38, 3, '5144091231', NULL, '2013-08-19 18:14:51', '2013-08-19 18:14:51'),
(267, 38, 3, '5147132193', NULL, '2013-08-19 18:14:51', '2013-08-19 18:14:51'),
(268, 38, 3, '5147704668', NULL, '2013-08-19 18:14:51', '2013-08-19 18:14:51'),
(269, 38, 3, '5142512437', NULL, '2013-08-19 18:14:51', '2013-08-19 18:14:51'),
(270, 38, 1, '4388870228', '7047', '2013-08-19 18:14:51', '2013-08-19 18:14:51'),
(271, 38, 3, '5148427577', NULL, '2013-08-19 18:14:51', '2013-08-19 18:14:51'),
(272, 38, 3, '5147650604', NULL, '2013-08-19 18:14:52', '2013-08-19 18:14:52'),
(273, 38, 3, '5149848540', NULL, '2013-08-19 18:14:52', '2013-08-19 18:14:52'),
(274, 38, 3, '5143873329', NULL, '2013-08-19 18:14:52', '2013-08-19 18:14:52'),
(275, 38, 3, '5148032052', NULL, '2013-08-19 18:14:52', '2013-08-19 18:14:52'),
(276, 38, 3, '5148166067', NULL, '2013-08-19 18:14:52', '2013-08-19 18:14:52'),
(277, 38, 3, '5147756647', NULL, '2013-08-19 18:14:52', '2013-08-19 18:14:52'),
(278, 38, 3, '5142386248', NULL, '2013-08-19 18:14:52', '2013-08-19 18:14:52'),
(279, 38, 3, '5147396945', NULL, '2013-08-19 18:14:52', '2013-08-19 18:14:52'),
(280, 38, 3, '5146211056', NULL, '2013-08-19 18:14:52', '2013-08-19 18:14:52'),
(281, 38, 3, '5144869656', NULL, '2013-08-19 18:14:52', '2013-08-19 18:14:52'),
(282, 38, 3, '5145239602', NULL, '2013-08-19 18:14:52', '2013-08-19 18:14:52'),
(283, 38, 3, '5143467003', NULL, '2013-08-19 18:14:52', '2013-08-19 18:14:52'),
(284, 38, 3, '5143036786', NULL, '2013-08-19 18:14:52', '2013-08-19 18:14:52'),
(285, 38, 1, '5142760579', '6843', '2013-08-19 18:14:52', '2013-08-19 18:14:52'),
(286, 38, 3, '5147746425', NULL, '2013-08-19 18:14:52', '2013-08-19 18:14:52'),
(287, 38, 1, '5143536989', '8060', '2013-08-19 18:14:52', '2013-08-19 18:14:52'),
(288, 38, 3, '5147452900', NULL, '2013-08-19 18:14:52', '2013-08-19 18:14:52'),
(289, 38, 3, '5144669581', NULL, '2013-08-19 18:14:52', '2013-08-19 18:14:52'),
(290, 38, 3, '4504654754', NULL, '2013-08-19 18:14:52', '2013-08-19 18:14:52'),
(291, 38, 3, '5145831541', NULL, '2013-08-19 18:14:52', '2013-08-19 18:14:52'),
(292, 38, 3, '4509237474', NULL, '2013-08-19 18:14:52', '2013-08-19 18:14:52'),
(293, 38, 1, '5149711981', '51', '2013-08-19 18:14:52', '2013-08-19 18:14:52'),
(294, 38, NULL, '8666845253', NULL, '2013-08-19 18:14:52', '2013-08-20 10:53:06'),
(295, 38, NULL, '4186461994', '271', '2013-08-19 18:14:52', '2013-08-19 18:14:52'),
(296, 38, NULL, '5143832361', '', '2013-08-19 18:14:52', '2013-08-19 18:14:52'),
(297, 38, NULL, '5146404050', '', '2013-08-19 18:14:52', '2013-08-19 18:14:52'),
(298, 38, NULL, '5147227348', '', '2013-08-19 18:14:52', '2013-08-19 18:14:52'),
(299, 38, NULL, '5146400202', '', '2013-08-19 18:14:52', '2013-08-19 18:14:52'),
(300, 38, 4, '5149516839', NULL, '2013-08-19 18:14:52', '2013-08-19 18:14:52'),
(301, 38, NULL, '5143540863', '', '2013-08-19 18:14:52', '2013-08-19 18:14:52'),
(302, 38, NULL, '5143551997', '', '2013-08-19 18:14:52', '2013-08-19 18:14:52'),
(303, 38, NULL, '5143539960', '', '2013-08-19 18:14:52', '2013-08-19 18:14:52'),
(304, 38, NULL, '5147223887', '', '2013-08-19 18:14:52', '2013-08-19 18:14:52'),
(305, 38, NULL, '5142557711', '', '2013-08-19 18:14:52', '2013-08-19 18:14:52'),
(306, 38, 5, '5142551559', NULL, '2013-08-19 18:14:52', '2013-08-19 18:14:52'),
(307, 38, NULL, '5145243950', '', '2013-08-19 18:14:52', '2013-08-19 18:14:52'),
(308, 38, NULL, '5149557737', '', '2013-08-19 18:14:52', '2013-08-19 18:14:52'),
(309, 38, NULL, '5143244911', '', '2013-08-19 18:14:52', '2013-08-19 18:14:52'),
(310, 38, NULL, '5143293333', '', '2013-08-19 18:14:52', '2013-08-19 18:14:52'),
(311, 38, NULL, '5142566825', '', '2013-08-19 18:14:52', '2013-08-19 18:14:52'),
(312, 38, NULL, '5145221767', '', '2013-08-19 18:14:52', '2013-08-19 18:14:52'),
(313, 38, NULL, '5145233687', '', '2013-08-19 18:14:52', '2013-08-19 18:14:52'),
(314, 38, NULL, '5145242362', '', '2013-08-19 18:14:52', '2013-08-19 18:14:52'),
(315, 38, NULL, '5145213326', '', '2013-08-19 18:14:52', '2013-08-19 18:14:52'),
(316, 38, NULL, '5143742735', '', '2013-08-19 18:14:52', '2013-08-19 18:14:52'),
(317, 38, NULL, '5148901607', '', '2013-08-19 18:14:52', '2013-08-19 18:14:52'),
(318, 38, NULL, '5142710977', '', '2013-08-19 18:14:52', '2013-08-19 18:14:52'),
(319, 38, NULL, '5145988726', '', '2013-08-19 18:14:52', '2013-08-19 18:14:52'),
(320, 38, NULL, '5145221179', '', '2013-08-19 18:14:52', '2013-08-19 18:14:52'),
(321, 38, NULL, '5143490105', NULL, '2013-08-19 18:14:52', '2013-09-04 13:59:18'),
(322, 38, NULL, '5145730770', '', '2013-08-19 18:14:52', '2013-08-19 18:14:52'),
(323, 38, NULL, '5148494602', '', '2013-08-19 18:14:52', '2013-08-19 18:14:52'),
(324, 38, NULL, '5143824062', '', '2013-08-19 18:14:52', '2013-08-19 18:14:52'),
(325, 38, NULL, '5143841460', '', '2013-08-19 18:14:52', '2013-08-19 18:14:52'),
(326, 38, NULL, '5143749345', '', '2013-08-19 18:14:52', '2013-08-19 18:14:52'),
(327, 38, NULL, '5142739333', '', '2013-08-19 18:14:52', '2013-08-19 18:14:52'),
(328, 38, NULL, '5145876322', NULL, '2013-08-19 18:14:52', '2013-08-19 21:07:21'),
(329, 38, NULL, '5142999490', '', '2013-08-19 18:14:52', '2013-08-19 18:14:52'),
(330, 38, NULL, '5142709192', '', '2013-08-19 18:14:52', '2013-08-19 18:14:52'),
(331, 38, NULL, '5149620156', '', '2013-08-19 18:14:52', '2013-08-19 18:14:52'),
(332, 38, NULL, '5148423601', '', '2013-08-19 18:14:52', '2013-08-19 18:14:52'),
(333, 38, NULL, '5142871320', '', '2013-08-19 18:14:52', '2013-08-19 18:14:52'),
(334, 38, NULL, '5149987208', '', '2013-08-19 18:14:52', '2013-08-19 18:14:52'),
(335, 38, NULL, '5148782692', '', '2013-08-19 18:14:52', '2013-08-19 18:14:52'),
(336, 38, NULL, '5148711522', '', '2013-08-19 18:14:52', '2013-08-19 18:14:52'),
(337, 38, NULL, '5148423601', '', '2013-08-19 18:14:52', '2013-08-19 18:14:52'),
(338, 38, NULL, '5148616162', '', '2013-08-19 18:14:52', '2013-08-19 18:14:52'),
(339, 38, NULL, '5149419751', '', '2013-08-19 18:14:52', '2013-08-19 18:14:52'),
(340, 38, NULL, '5143405660', '', '2013-08-19 18:14:52', '2013-08-19 18:14:52'),
(341, 38, NULL, '5147481921', '', '2013-08-19 18:14:52', '2013-08-19 18:14:52'),
(342, 38, NULL, '5143845590', '', '2013-08-19 18:14:52', '2013-08-19 18:14:52'),
(343, 38, NULL, '5147361133', '', '2013-08-19 18:14:52', '2013-08-19 18:14:52'),
(344, 38, NULL, '5143392647', '', '2013-08-19 18:14:52', '2013-08-19 18:14:52'),
(345, 38, NULL, '5144810368', '', '2013-08-19 18:14:52', '2013-08-19 18:14:52'),
(346, 38, NULL, '5143505050', '', '2013-08-19 18:14:52', '2013-08-19 18:14:52'),
(347, 38, NULL, '4506612123', '', '2013-08-19 18:14:52', '2013-08-19 18:14:52'),
(348, 38, NULL, '5149666825', '', '2013-08-19 18:14:52', '2013-08-19 18:14:52'),
(349, 38, NULL, '4506878773', '', '2013-08-19 18:14:52', '2013-08-19 18:14:52'),
(350, 38, 4, '5149900620', NULL, '2013-08-19 18:14:52', '2013-08-19 18:14:52'),
(351, 38, NULL, '4506298883', '', '2013-08-19 18:14:52', '2013-08-19 18:14:52'),
(352, 38, NULL, '4506899949', '', '2013-08-19 18:14:52', '2013-08-19 18:14:52'),
(353, 38, NULL, '5149530102', '', '2013-08-19 18:14:52', '2013-08-19 18:14:52'),
(354, 38, NULL, '5146264442', '', '2013-08-19 18:14:52', '2013-08-19 18:14:52'),
(355, 38, NULL, '5146967667', '', '2013-08-19 18:14:52', '2013-08-19 18:14:52'),
(356, 38, NULL, '5146946622', '', '2013-08-19 18:14:52', '2013-08-19 18:14:52'),
(357, 38, NULL, '18006612400', '', '2013-08-19 18:14:52', '2013-08-19 18:14:52'),
(358, 38, NULL, '5143226844', '', '2013-08-19 18:14:52', '2013-08-19 18:14:52'),
(359, 38, NULL, '5149771555', '', '2013-08-19 18:14:52', '2013-08-19 18:14:52'),
(360, 38, NULL, '4508397000', '', '2013-08-19 18:14:52', '2013-08-19 18:14:52'),
(361, 38, NULL, '4505884971', '', '2013-08-19 18:14:52', '2013-08-19 18:14:52'),
(362, 38, NULL, '4508263135', '', '2013-08-19 18:14:52', '2013-08-19 18:14:52'),
(363, 38, NULL, '5148751954', '', '2013-08-19 18:14:52', '2013-08-19 18:14:52'),
(364, 38, NULL, '4504649109', '', '2013-08-19 18:14:52', '2013-08-19 18:14:52'),
(365, 38, NULL, '18778457550', '', '2013-08-19 18:14:52', '2013-08-19 18:14:52'),
(366, 38, NULL, '5148253111', '', '2013-08-19 18:14:52', '2013-08-19 18:14:52'),
(367, 38, NULL, '5146064734', '', '2013-08-19 18:14:52', '2013-08-19 18:14:52'),
(368, 38, NULL, '4506527884', '', '2013-08-19 18:14:52', '2013-08-19 18:14:52'),
(369, 38, NULL, '4509851430', '', '2013-08-19 18:14:52', '2013-08-19 18:14:52'),
(370, 38, 4, '5148918870', NULL, '2013-08-19 18:14:52', '2013-08-19 18:14:52'),
(371, 38, NULL, '5142198466', '', '2013-08-19 18:14:52', '2013-08-19 18:14:52'),
(372, 38, NULL, '4506554388', '', '2013-08-19 18:14:52', '2013-08-19 18:14:52'),
(373, 38, NULL, '5147554377', '', '2013-08-19 18:14:52', '2013-08-19 18:14:52'),
(374, 38, NULL, '4509234688', '', '2013-08-19 18:14:52', '2013-08-19 18:14:52'),
(375, 38, NULL, '5144678800', '', '2013-08-19 18:14:52', '2013-08-19 18:14:52'),
(376, 38, 5, '4508123432', NULL, '2013-08-19 18:14:52', '2013-08-19 18:14:52'),
(377, 38, NULL, '4505896412', '', '2013-08-19 18:14:52', '2013-08-19 18:14:52'),
(378, 38, NULL, '5149536683', NULL, '2013-08-19 18:14:52', '2013-09-18 09:46:59'),
(379, 38, NULL, '4507213888', '', '2013-08-19 18:14:52', '2013-08-19 18:14:52'),
(380, 38, NULL, '5149719557', '', '2013-08-19 18:14:52', '2013-08-19 18:14:52'),
(381, 38, NULL, '5149719557', '', '2013-08-19 18:14:53', '2013-08-19 18:14:53'),
(382, 38, NULL, '4505812173', '', '2013-08-19 18:14:53', '2013-08-19 18:14:53'),
(383, 38, NULL, '5148394087', '', '2013-08-19 18:14:53', '2013-08-19 18:14:53'),
(384, 38, NULL, '5147431658', '', '2013-08-19 18:14:53', '2013-08-19 18:14:53'),
(385, 38, NULL, '5146178494', '', '2013-08-19 18:14:53', '2013-08-19 18:14:53'),
(386, 38, 4, '5146178494', NULL, '2013-08-19 18:14:53', '2013-08-19 18:14:53'),
(387, 38, NULL, '5148120261', '', '2013-08-19 18:14:53', '2013-08-19 18:14:53'),
(388, 38, NULL, '4504712982', '', '2013-08-19 18:14:53', '2013-08-19 18:14:53'),
(389, 38, NULL, '4504714151', '', '2013-08-19 18:14:53', '2013-08-19 18:14:53'),
(390, 38, NULL, '4504351010', '', '2013-08-19 18:14:53', '2013-08-19 18:14:53'),
(391, 38, NULL, '5144441886', '', '2013-08-19 18:14:53', '2013-08-19 18:14:53'),
(392, 38, NULL, '4506210427', '', '2013-08-19 18:14:53', '2013-08-19 18:14:53'),
(393, 38, NULL, '5145839218', '', '2013-08-19 18:14:53', '2013-08-19 18:14:53'),
(394, 38, NULL, '4504378770', '', '2013-08-19 18:14:53', '2013-08-19 18:14:53'),
(395, 38, NULL, '4504201111', '', '2013-08-19 18:14:53', '2013-08-19 18:14:53'),
(396, 38, NULL, '4504455688', '', '2013-08-19 18:14:53', '2013-08-19 18:14:53'),
(397, 38, NULL, '5149527468', '', '2013-08-19 18:14:53', '2013-08-19 18:14:53'),
(398, 38, NULL, '5145724310', '', '2013-08-19 18:14:53', '2013-08-19 18:14:53'),
(399, 38, NULL, '5144537214', '', '2013-08-19 18:14:53', '2013-08-19 18:14:53'),
(400, 38, NULL, '4505101560', '', '2013-08-19 18:14:53', '2013-08-19 18:14:53'),
(401, 38, NULL, '5149833441', '', '2013-08-19 18:14:53', '2013-08-19 18:14:53'),
(402, 38, NULL, '4502225588', '', '2013-08-19 18:14:53', '2013-08-19 18:14:53'),
(403, 38, NULL, '4503991021', '', '2013-08-19 18:14:53', '2013-08-19 18:14:53'),
(404, 38, NULL, '5149775089', '', '2013-08-19 18:14:53', '2013-08-19 18:14:53'),
(405, 38, NULL, '18006726937', '', '2013-08-19 18:14:53', '2013-08-19 18:14:53'),
(406, 38, NULL, '18006726937', '', '2013-08-19 18:14:53', '2013-08-19 18:14:53'),
(407, 38, 2, '5145296200', NULL, '2013-08-20 09:57:19', '2013-08-20 09:57:19'),
(408, 38, 2, '5142736277', NULL, '2013-08-26 15:21:13', '2013-08-26 15:21:13'),
(409, 38, 3, '5144418930', NULL, '2013-08-26 15:21:13', '2013-08-26 15:21:13'),
(410, 38, NULL, '4506631721', NULL, '2013-08-29 13:33:32', '2013-08-29 13:33:32'),
(411, 38, 5, '4506638200', NULL, '2013-08-29 13:34:34', '2013-08-29 13:34:34'),
(412, 38, 3, '5145947197', NULL, '2013-08-29 13:38:33', '2013-08-29 13:38:33'),
(413, 38, 3, '5149462114', NULL, '2013-09-04 09:25:49', '2013-09-04 09:25:49'),
(414, 38, 1, '5143347824', NULL, '2013-09-04 09:29:00', '2013-09-04 09:29:00'),
(415, 38, 1, '5143815626', NULL, '2013-09-04 09:40:35', '2013-09-04 09:40:35'),
(416, 38, 5, '5143828803', NULL, '2013-09-04 09:40:35', '2013-09-04 09:40:35'),
(417, 38, 1, '5142710977', NULL, '2013-09-04 09:45:19', '2013-09-04 09:45:19'),
(418, 38, 3, '5143490105', NULL, '2013-09-04 13:58:35', '2013-09-04 13:58:35'),
(419, 38, 3, '5147260007', NULL, '2013-09-17 12:16:46', '2013-09-17 12:16:46'),
(421, 38, 3, '5149536683', NULL, '2013-09-19 09:45:45', '2013-09-19 09:45:45'),
(422, 38, 3, '5142916127', NULL, '2013-09-23 14:16:37', '2013-09-23 14:16:37'),
(423, 38, 2, '4504916325', NULL, '2013-09-23 14:16:37', '2013-09-23 14:16:37'),
(424, 38, 2, '4502788044', NULL, '2013-09-23 14:19:31', '2013-09-23 14:19:31'),
(425, 38, 3, '5144418930', NULL, '2013-09-23 14:27:44', '2013-09-23 14:27:44'),
(426, 38, 2, '5142736277', NULL, '2013-09-23 14:27:44', '2013-09-23 14:27:44'),
(427, 38, 3, '5145507792', NULL, '2013-10-02 11:38:57', '2013-10-02 11:38:57'),
(428, 38, 2, '5145084952', NULL, '2013-10-02 11:38:57', '2013-10-02 11:38:57'),
(429, 38, 3, '4383968077', NULL, '2013-10-02 11:48:50', '2013-10-02 11:48:50'),
(430, 38, 2, '4503963820', NULL, '2013-10-02 12:11:25', '2013-10-02 12:11:25'),
(431, 38, 3, '5144752260', NULL, '2013-10-02 12:11:25', '2013-10-02 12:11:25');

INSERT INTO `military_history` (`id`, `country`, `division`, `unit`, `rank`, `start_date`, `end_date`, `campaign`, `expertise`, `recognition`, `disciplinary_action`, `discharge_status`, `service_status`, `description`) VALUES
(1, 'CO', 'test-fidel-2013-M08-26', 'test-fidel-2013-M08-26', 'test-fidel-2013-M08-26', NULL, NULL, 'test-fidel-2013-M08-26', 'test-fidel-2013-M08-26', 'test-fidel-2013-M08-26', 'test-fidel-2013-M08-26', 'test-fidel-2013-M08-26', 'test-fidel-2013-M08-26', '<p>test-fidel-2013-M08-26</p>');

INSERT INTO `lang_experience` (`id`, `language_id`, `can_read`, `can_write`, `can_speak`, `proficiency`, `experience`, `lastUsed`, `interest`, `description`) VALUES
(1, 19, 1, 1, 1, 'Beginner', '1-3 years', '1-3 years ago', 'Medium', 'bla'),
(2, 19, 1, 1, 1, 'Advanced', NULL, NULL, NULL, NULL),
(4, 19, 1, 0, 1, 'Advanced', NULL, NULL, NULL, NULL),
(5, 15, 1, 0, 1, 'Intermediate', NULL, NULL, NULL, NULL),
(6, 15, 1, 1, 1, 'Intermediate', '1-3 years', '1-3 years ago', 'Medium', 'test-fidel-2013-M08-26'),
(7, 19, 0, 0, 0, NULL, NULL, NULL, NULL, NULL),
(8, 19, 1, 1, 1, 'Expert', NULL, NULL, NULL, NULL),
(9, 19, 1, 1, 1, 'Expert', NULL, NULL, NULL, NULL);

INSERT INTO `hr_info` (`id`, `receive_commissions`, `nationality`, `id_number`, `social_security_number`, `driving_licence`, `other_id`) VALUES
(2, 1, 'Fench', 'FR456622DES', 'CAN3565465', 'CAN56387', NULL),
(3, 0, NULL, NULL, NULL, NULL, NULL),
(4, 0, NULL, NULL, NULL, NULL, NULL),
(5, 0, NULL, NULL, NULL, NULL, NULL),
(6, 0, NULL, NULL, NULL, NULL, NULL),
(8, 0, NULL, NULL, NULL, NULL, NULL),
(9, 0, NULL, NULL, NULL, NULL, NULL),
(11, 0, NULL, NULL, NULL, NULL, NULL),
(12, 0, NULL, NULL, NULL, NULL, NULL),
(13, 0, NULL, NULL, NULL, NULL, NULL),
(14, 0, NULL, NULL, NULL, NULL, NULL),
(15, 0, NULL, NULL, '278966460', '52531-040888-09', NULL),
(16, 0, NULL, NULL, '270759251', '6522 06047603', NULL),
(17, 0, NULL, NULL, '249981515', 'G3603-270861-01', NULL);


INSERT INTO `emails` (`id`, `email_type_id`, `email`) VALUES
(1, NULL, 'eric.albin@reno-urbaine.com'),
(2, NULL, 'eric-albin@videotron.ca'),
(3, NULL, 'mickaelboyer1@gmail.com'),
(4, NULL, 'flagb@videotron.ca'),
(5, NULL, 'pierre.chalifoux@reno-urbaine.com'),
(6, NULL, 'dion_Joel77@hotmail.com'),
(7, NULL, 'nicolas@reno-urbaine.com'),
(8, NULL, 'nicooss@hotmail.com'),
(9, NULL, 'pierre-felix@live.ca'),
(10, NULL, 'maude.fillion@sympatico.ca'),
(11, NULL, 'anick@reno-urbaine.com'),
(12, NULL, 'simon@reno-urbaine.com'),
(13, NULL, 'jf@reno-urbaine.com'),
(14, NULL, 'paul@reno-urbaine.com'),
(15, NULL, 'mazzdd214@hotmail.com'),
(16, NULL, 'chris_habs1909@gmail.com'),
(17, NULL, 'olivier.mocaer@gmail.com'),
(18, NULL, 'jon@reno-urbaine.com'),
(19, NULL, 'jonouimet@videotron.ca'),
(20, NULL, 'daniel@reno-urbaine.com'),
(21, NULL, 'pierre@reno-urbaine.com'),
(22, NULL, 'runo959@gmail.com'),
(23, NULL, 'valerie@reno-urbaine.com'),
(24, NULL, 'eric@reno-urbaine.com'),
(25, NULL, 'schur.marc@gmail.com'),
(26, NULL, '1618fis@gmail.com'),
(27, NULL, 'aamajdan@yahoo.com'),
(28, NULL, 'alain_duclos@videotron.ca'),
(29, NULL, 'andre.farmer@stm.info'),
(30, NULL, 'zut.zut@sympatico.ca'),
(31, NULL, 'annclod@hotmail.com'),
(32, NULL, 'anniksavoie@hotmail.com'),
(33, NULL, 'annieboucher1973@gmail.com'),
(34, NULL, 'antoine.mathys@videotron.ca'),
(35, NULL, 'antoine.guilbaud@gmail.com'),
(36, NULL, 'arnaud.proust@percy-miller.com'),
(37, NULL, 'bleger@alcor.concordia.ca'),
(38, NULL, 'bwcowan@gmail.com'),
(39, NULL, 'bguil09@yahoo.com'),
(40, NULL, 'caroline.brunelle@desjardins.com'),
(41, NULL, 'caty2423@yahoo.ca'),
(42, NULL, 'chantal.frappier@cogeco.com'),
(43, NULL, 'christiangelinas@videotron.ca'),
(44, NULL, 'christian.janelle@tpsgc-pwgsc.ca'),
(45, NULL, 'christophehubert@sympatico.ca'),
(46, NULL, 'christophe.virville@gmail.com'),
(47, NULL, 'christopher.bennett@hublot.ca'),
(48, NULL, 'claire_roberge@hotmail.com'),
(49, NULL, 'brouilletc@videotron.ca'),
(50, NULL, 'cmartineau@gap5.com'),
(51, NULL, 'c.perreault@videotron.ca'),
(52, NULL, 'claudevalois@videotron.qc.ca'),
(53, NULL, 'ccicigoi@thymematernity.com'),
(54, NULL, 'clementbrunet@hotmail.com'),
(55, NULL, 'dkandelman@videotron.ca'),
(56, NULL, 'daniel.s@videotron.qc.ca'),
(57, NULL, 'yee_daphne@hotmail.com'),
(58, NULL, 'db@northnet.org'),
(59, NULL, 'dianepinet@blocnotesmusic.com'),
(60, NULL, 'petit.roy@videotron.ca'),
(61, NULL, 'picardominique@gmail.com'),
(62, NULL, 'arthur@porterpartners.com'),
(63, NULL, 'desmarais_karine@hotmail.com'),
(64, NULL, 'emonplaisir@hotmail.com'),
(65, NULL, 'felipegallon@solofruit.com'),
(66, NULL, 'francelyne@hotmail.com'),
(67, NULL, 'francis.bissonnette@apchq.com'),
(68, NULL, 'sirardf@tardifmurray.com'),
(69, NULL, 'vaudry@gmail.com'),
(70, NULL, 'genevievebrouillette@videotron.ca'),
(71, NULL, 'gdirat@jeu2mot.com'),
(72, NULL, 'carmenal@videotron.ca'),
(73, NULL, 'gmorais@videotron.ca'),
(74, NULL, 'gillesouellet@bell.net'),
(75, NULL, 'croteau.gilles@videotron.ca'),
(76, NULL, 'guylain.hamel@videotron.ca'),
(77, NULL, 'gwladysgaelle@hotmail.com'),
(78, NULL, 'hanan@hassaoui.com'),
(79, NULL, 'helenewftd@gmail.com'),
(80, NULL, 'isabbouh@hotmail.com'),
(81, NULL, 'julienisabelle@hotmail.com'),
(82, NULL, 'isabellelap@videotron.ca'),
(83, NULL, 'isamongeau@gmail.com'),
(84, NULL, 'mhf@videotron.ca'),
(85, NULL, 'jlemire012@videotron.ca'),
(86, NULL, 'jacob.lazarovic@choosebroadspire.com'),
(87, NULL, 'amcelhone@sympatico.ca'),
(88, NULL, 'sdepadova@sympatico.ca'),
(89, NULL, 'gtremblay@simpledesign.ca'),
(90, NULL, 'hirojean@videotron.ca'),
(91, NULL, 'maillouj@yahoo.fr'),
(92, NULL, 'gelo999@sympatico.ca'),
(93, NULL, 'j_fmorin@hotmail.com'),
(94, NULL, 'martin.rouillard@collectioninnova.com'),
(95, NULL, 'jplaurin@quebec.cancer.ca'),
(96, NULL, 'jpwroy@videotron.ca'),
(97, NULL, 'jessica.noras@sympatico.ca'),
(98, NULL, 'lafrance.laneuville@sympatico.ca'),
(99, NULL, 'John.MacDougall@can.gd-ots.com'),
(100, NULL, 'jhrosenthal@sympatico.ca'),
(101, NULL, 'julio.victor@sympatico.ca'),
(102, NULL, 'julie.richard@spcorp.com'),
(103, NULL, 'karine.meunier@csmb.qc.ca'),
(104, NULL, 'k.piche@saq.qc.ca'),
(105, NULL, 'sigfrieda@hotmail.com'),
(106, NULL, 'madamebibi@hotmail.com'),
(107, NULL, 'lbolduc@morneaushepell.com'),
(108, NULL, 'lise.bruneau@videotron.ca'),
(109, NULL, 'louise.preville@sympatico.ca'),
(110, NULL, 'louise_lheureux@hotmail.com'),
(111, NULL, 'lp.morency@videotron.ca'),
(112, NULL, 'luce.debellefeuille@msss.gouv.qc.ca'),
(113, NULL, 'lucielalonde@hotmail.com'),
(114, NULL, 'lucille.fluet@sympatico.ca'),
(115, NULL, 'lysanne_x@hotmail.com'),
(116, NULL, 'remi.rabasa-lhoret@ircm.qc.ca'),
(117, NULL, 'remi.rabasa-lhoret-2@ircm.qc.ca'),
(118, NULL, 'kooli.maher@uqam.ca'),
(119, NULL, 'mevehuard@gmail.com'),
(120, NULL, 'marc.mclauchlan@gmail.com'),
(121, NULL, 'julieanowski@hotmail.com'),
(122, NULL, 'mabeaudoin@sympatico.ca'),
(123, NULL, 'mclafleche32@gmail.com'),
(124, NULL, 'mj.dupuis@umontreal.ca'),
(125, NULL, 'marijo22@videotron.ca'),
(126, NULL, 'marie-yvonne@mypaint.ca'),
(127, NULL, 'martinboisver68@gmail.com'),
(128, NULL, 'martincaille60@gmail.com'),
(129, NULL, 'leduc9@videotron.ca'),
(130, NULL, 'martine_lev@hotmail.com'),
(131, NULL, 'kikiche@hotmail.com'),
(132, NULL, 'matboulanger@yahoo.ca'),
(133, NULL, 'max5pier@hotmail.com'),
(134, NULL, 'rosedechamplain@videotron.ca'),
(135, NULL, 'mdionne@crochetiere-petrin.qc.ca'),
(136, NULL, 'michel.langevin@snclavalin.com'),
(137, NULL, 'mcourtois@lexusgabriel.com'),
(138, NULL, 'nbertalmio@mliinc.com'),
(139, NULL, 'nathalie.doyon@shq.gouv.qc.ca'),
(140, NULL, 'nathaniel.mercure@gmail.com'),
(141, NULL, 'n.guizard@gmail.com'),
(142, NULL, 'nico@nicomusic.com'),
(143, NULL, 'nlevert@galax.ca'),
(144, NULL, 'odile.giraud@europauto.ca'),
(145, NULL, 'opomarez@hotmail.com'),
(146, NULL, 'ychouin@videotron.ca'),
(147, NULL, 'p.serex@videotron.ca'),
(148, NULL, 'patricia.lemaire@boralex.com'),
(149, NULL, 'pnaud@square-enix-montreal.com'),
(150, NULL, 'ppiquette@yahoo.com'),
(151, NULL, 'paulinelagace@hotmail.com'),
(152, NULL, 'pcomeau@videotron.ca'),
(153, NULL, 'plongpre@normandin-beaudry.ca'),
(154, NULL, 'philippebouchard@gmail.com'),
(155, NULL, 'philippe.laflamme@gmail.com'),
(156, NULL, 'patessier@rsslex.com'),
(157, NULL, 'p_gouin@yahoo.com'),
(158, NULL, 'pierre.thibault@sympatico.ca'),
(159, NULL, 'malo.pierre@gmail.com'),
(160, NULL, 'pierre-luc.st-hilaire@umontreal.ca'),
(161, NULL, 'graf.raoul@uqam.ca'),
(162, NULL, 'ricardomarcos@videotron.ca'),
(163, NULL, 'eastmanbob@hotmail.fr'),
(164, NULL, 'rui.costa@servicecanada.gc.ca'),
(165, NULL, 'sleroy@plexo.ca'),
(166, NULL, 'sebastien.olmicia@gmail.com'),
(167, NULL, 'ssoussa@datavalet.com'),
(168, NULL, 'france.frenette@videotron.ca'),
(169, NULL, 'serge.lapierre@standardlife.ca'),
(170, NULL, 'serge_malo@yahoo.ca'),
(171, NULL, 'volks1969@yahoo.fr'),
(172, NULL, 'simon.octeau@bayer.com'),
(173, NULL, 'rattesp@hotmail.com'),
(174, NULL, 'snguyenbai@gmail.com'),
(175, NULL, 'stephane.chouinard@videotron.ca'),
(176, NULL, 'decelles.stephane@gmail.com'),
(177, NULL, 'scnc@videotron.ca'),
(178, NULL, 'smkmolnar@sympatico.ca'),
(179, NULL, 'susan.liscouet@gmail.com'),
(180, NULL, 'sylviane.forget@gmail.com'),
(181, NULL, 'tays@shakedesign.ca'),
(182, NULL, 'valfrank@videotron.ca'),
(183, NULL, 'orev77@gmail.com'),
(184, NULL, 'vlaurin@hdb.ca'),
(185, NULL, 'vsicotte@videotron.ca'),
(186, NULL, 'yanavery@gmail.com'),
(187, NULL, 'ybouayad@gmail.com'),
(188, NULL, 'yvan.fallu@cofelyservices-gdfsuez.net'),
(189, 6, 'tremblaystu@gmail.com'),
(190, 7, 'yves@immo9construction.com'),
(191, 7, 'metaluminox2008@hotmail.com'),
(192, 6, 'haquecestbeau@gmail.ca'),
(193, 6, 'mathew.d.riley@hotmail.com'),
(194, 6, 'tremblaysty@gmail.com'),
(195, 6, 'alex.1988@live.ca'),
(196, 6, 'cprinceboies@hotmail.com'),
(197, 6, 'd.g.gauthier-@hotmail.com');

INSERT INTO `education` (`id`, `institution`, `degree`, `education_level`, `gpa`, `description`, `start_date`, `end_date`, `current`) VALUES
(1, 'IECSS Robert Schumann', 'marketing', 'Master''s Degree', NULL, NULL, '2004-08-01 00:00:00', '2013-08-01 00:00:00', 1),
(2, 'Centre professionnel de Chateauguay', 'DEP- charpentier menuisier', 'Hight School Diploma/GED', NULL, NULL, '2010-06-01 00:00:00', NULL, NULL),
(3, NULL, NULL, 'Hight School Diploma/GED', NULL, NULL, '2013-08-21 00:00:00', NULL, NULL),
(4, 'IECSS Robert Schumann', 'marketing', 'Master''s Degree', NULL, '<p>test-fidel-2013-M08-26</p>', '2002-09-01 00:00:00', '2004-10-01 00:00:00', NULL);

INSERT INTO `certification` (`id`, `name`, `first_date`, `organization`, `number`, `description`, `from_date`, `to_date`, `current`) VALUES
(1, 'test-fidel-2013-M08-26', '2013-08-01 00:00:00', 'test-fidel-2013-M08-26', 'test-fidel-2013-M08-26', '<p>test-fidel-2013-M08-26</p>', '2011-02-01 00:00:00', '2012-08-01 00:00:00', 1);

INSERT INTO `career` (`id`, `employer`, `title`, `job_function`, `start_date`, `end_date`, `current`, `description`, `manager_name`, `manager_email`, `manager_mobile_phone`, `manager_work_phone`) VALUES
(1, 'Gestion immobilière Amor Fati Inc.', 'Menuisier-ébéniste', 'Menuisier-ébéniste', '2011-01-01 00:00:00', '2013-08-01 00:00:00', 0, NULL, NULL, NULL, NULL, NULL),
(2, 'L.V. Décor', 'Menuisier', 'Menuisier', '2011-01-01 00:00:00', '2011-12-31 00:00:00', 0, NULL, NULL, NULL, NULL, NULL),
(3, 'Travailleur autonome', 'Menuisier-ébéniste', 'Menuisier-ébéniste', '2005-01-01 00:00:00', '2010-01-01 00:00:00', 0, NULL, NULL, NULL, NULL, NULL),
(4, 'Espace meubles', 'Apprenti-menuisier', 'menuisier', '2004-01-01 00:00:00', '2004-12-01 00:00:00', 0, NULL, NULL, NULL, NULL, NULL),
(5, 'Anjnov Construction', 'Apprenti-menuisier', 'Menuisier', '2003-01-01 00:00:00', '2004-01-01 00:00:00', 0, NULL, NULL, NULL, NULL, NULL),
(6, 'test-fidel-2013-M08-26', 'test-fidel-2013-M08-26', 'test-fidel-2013-M08-26', '2011-01-01 00:00:00', '2012-01-01 00:00:00', 0, '<p>test-fidel-2013-M08-26</p>', 'test-fidel-2013-M08-26', 'fesalsoul@gmail.com', '5145835965', '5145835965'),
(7, 'Christian Prince-Boies', 'Groupe Actium', 'Technicien en urgence', '2013-01-01 00:00:00', '2013-09-01 00:00:00', 0, '<p>Effectuer les appels d''urgence.&nbsp;</p>\r\n<p>D&eacute;molition pr&eacute;-construction</p>\r\n<p>Installation d''appareil d''ass&egrave;chement</p>', NULL, NULL, NULL, NULL);

INSERT INTO `barcode` (`id`, `barcode_type_id`, `number`) VALUES
(1, 5, '609132296116');

INSERT INTO `associations` (`id`, `name`, `link`, `role`, `start_date`, `end_date`, `description`) VALUES
(1, 'test-fidel-2013-M08-26', 'test-fidel-2013-M08-26', 'test-fidel-2013-M08-26', '2011-01-01 00:00:00', '2012-01-01 00:00:00', '<p>test-fidel-2013-M08-26</p>');


INSERT INTO `address` (`id`, `address_type_id`, `country_id`, `province_id`, `regiony_id`, `timezone_id`, `city`, `postcode`, `street`, `building`, `suite`, `po`, `updated_at`, `created_at`) VALUES
(1, 3, 39, NULL, NULL, NULL, 'Montreal', 'H1W2C1', 'Sainte-Catherine Est', '3115', NULL, NULL, '2013-09-24 14:10:53', '2013-08-19 18:14:51'),
(2, NULL, 39, NULL, NULL, NULL, 'Montréal', 'H1V2L3', 'de Lasalle', '2568', NULL, NULL, '2013-08-21 10:23:37', '2013-08-19 18:14:51'),
(3, NULL, 39, NULL, NULL, NULL, 'Montréal', 'H1N1W5', 'Hochelaga', '5754', 'Appartement 101', NULL, '2013-08-19 18:14:51', '2013-08-19 18:14:51'),
(4, NULL, 39, NULL, NULL, NULL, 'Lachine', 'H8T2N2', '46 ème avenue', '175', '', NULL, '2013-08-19 18:14:51', '2013-08-19 18:14:51'),
(5, NULL, 39, NULL, NULL, NULL, 'Saint-Jérôme', 'J7Z3B2', '11 ème avenue', '1111', '', NULL, '2013-08-19 18:14:51', '2013-08-19 18:14:51'),
(6, NULL, 39, NULL, NULL, NULL, 'Sainte-Julie', 'J3E1M5', 'Roger', '720', '', NULL, '2013-08-19 18:14:51', '2013-08-19 18:14:51'),
(7, NULL, 39, NULL, NULL, NULL, 'Saint-Hubert', 'J4T1W1', 'George', '1904', '', NULL, '2013-08-19 18:14:51', '2013-08-19 18:14:51'),
(8, NULL, 39, NULL, NULL, NULL, 'Montreal', 'H3K2L9', 'Bourgeoys', '333', '', NULL, '2013-08-19 18:14:51', '2013-08-19 18:14:51'),
(9, NULL, 39, NULL, NULL, NULL, 'Lasalle', 'H8P3T8', 'Charron', '729-A', '', NULL, '2013-08-19 18:14:51', '2013-08-19 18:14:51'),
(10, NULL, 39, NULL, NULL, NULL, 'Saint-Hyacinthe', 'J2S2H6', 'Morin', '2740', '', NULL, '2013-08-19 18:14:51', '2013-08-19 18:14:51'),
(11, NULL, 39, NULL, NULL, NULL, 'Montréal', 'H1Z3H8', '12 ème avenue', '8454', '', NULL, '2013-08-19 18:14:51', '2013-08-19 18:14:51'),
(12, NULL, 39, NULL, NULL, NULL, 'Montréal', 'H1V3E9', 'Saint-Clément', '2059', '', NULL, '2013-08-19 18:14:51', '2013-08-19 18:14:51'),
(13, NULL, 39, NULL, NULL, NULL, 'Fabreville', 'H7P3M4', 'Hubert', '541', '', NULL, '2013-08-19 18:14:51', '2013-08-19 18:14:51'),
(14, NULL, 39, NULL, NULL, NULL, 'Montréal', 'H4G2X3', '3 ème avenue', '441', '', NULL, '2013-08-19 18:14:51', '2013-08-19 18:14:51'),
(15, NULL, 39, NULL, NULL, NULL, 'Montréal', 'H2L2S4', 'Champlain', '1594', '', NULL, '2013-08-19 18:14:51', '2013-08-19 18:14:51'),
(16, NULL, 39, NULL, NULL, NULL, 'Montréal', 'H2S2L8', 'St-Hubert', '5983', '', NULL, '2013-08-19 18:14:51', '2013-08-19 18:14:51'),
(17, NULL, 39, NULL, NULL, NULL, 'Vaudreuil-Dorion', 'J7V9J8', 'Lomer-Gouin', '3614', '', NULL, '2013-08-19 18:14:51', '2013-08-19 18:14:51'),
(18, NULL, 39, NULL, NULL, NULL, 'Mont-Royal', 'H3P1T4', 'dunrae', '119', '', NULL, '2013-08-19 18:14:51', '2013-08-19 18:14:51'),
(19, NULL, 39, NULL, NULL, NULL, 'Montréal', 'H4G1A1', 'Évangeline', '3908', '', NULL, '2013-08-19 18:14:51', '2013-08-19 18:14:51'),
(20, NULL, 39, NULL, NULL, NULL, 'Mont-Royal', 'H3P1H8', 'Croissant Roselawn', '79', '', NULL, '2013-08-19 18:14:51', '2013-08-19 18:14:51'),
(21, NULL, 39, NULL, NULL, NULL, 'Mont-Royal', 'H3P1H8', 'Croissant Roselawn', '79', '', NULL, '2013-08-19 18:14:51', '2013-08-19 18:14:51'),
(22, NULL, 39, NULL, NULL, NULL, 'Montréal', 'H4E2B6', 'Boulevard Desmarchais', '1854', NULL, NULL, '2013-08-29 10:56:37', '2013-08-19 18:14:51'),
(23, NULL, 39, NULL, NULL, NULL, 'Montréal', 'H2E2N1', 'Bordeaux', '7770', NULL, NULL, '2013-08-23 11:55:41', '2013-08-19 18:14:51'),
(24, NULL, 39, NULL, NULL, NULL, 'Montréal', 'H1W3J5', 'de Chambly', '2280-2', 'Appartement 2', NULL, '2013-08-19 18:14:51', '2013-08-19 18:14:51'),
(25, NULL, 39, NULL, NULL, NULL, 'Montréal', 'H3R3B4', 'Maynard', '7340', '', NULL, '2013-08-19 18:14:51', '2013-08-19 18:14:51'),
(26, NULL, 39, NULL, NULL, NULL, 'Montréal', 'H2J3H9', 'De Laroche', '4248', '', NULL, '2013-08-19 18:14:51', '2013-08-19 18:14:51'),
(27, NULL, 39, NULL, NULL, NULL, 'Montréal', 'H3L2L4', 'Laverdure', '10315', '', NULL, '2013-08-19 18:14:51', '2013-08-19 18:14:51'),
(28, NULL, 39, NULL, NULL, NULL, 'Montréal', 'H3K1S6', 'Coleraine', '2693', '', NULL, '2013-08-19 18:14:51', '2013-08-19 18:14:51'),
(29, NULL, 39, NULL, NULL, NULL, 'Montréal', 'H2J2H5', 'Saint-Hubert', '4231', '', NULL, '2013-08-19 18:14:51', '2013-08-19 18:14:51'),
(30, NULL, 39, NULL, NULL, NULL, 'Montréal', 'H2J3Z4', 'Marquette', '5421', '', NULL, '2013-08-19 18:14:51', '2013-08-19 18:14:51'),
(31, NULL, 39, NULL, NULL, NULL, 'Montréal', 'H2K1N8', 'De Rouen', '2879', '', NULL, '2013-08-19 18:14:51', '2013-08-19 18:14:51'),
(32, NULL, 39, NULL, NULL, NULL, 'Montréal', 'H3M2P6', 'Pasteur', '11790', '', NULL, '2013-08-19 18:14:51', '2013-08-19 18:14:51'),
(33, NULL, 39, NULL, NULL, NULL, 'Montréal', 'H1W2T4', 'Saint-Germain', '1644', '', NULL, '2013-08-19 18:14:51', '2013-08-19 18:14:51'),
(34, NULL, 39, NULL, NULL, NULL, 'Montréal', 'H2W2L4', 'Drôlet', '4104', '', NULL, '2013-08-19 18:14:51', '2013-08-19 18:14:51'),
(35, NULL, 39, NULL, NULL, NULL, 'Montréal', 'H2H1W6', 'Cartier', '4402', '', NULL, '2013-08-19 18:14:51', '2013-08-19 18:14:51'),
(36, NULL, 39, NULL, NULL, NULL, 'Montréal', 'H2J3C3', 'Mentana', '5030', '', NULL, '2013-08-19 18:14:51', '2013-08-19 18:14:51'),
(37, NULL, 39, NULL, NULL, NULL, 'Montréal', 'H4A2V3', 'Wilson', '4397', '', NULL, '2013-08-19 18:14:51', '2013-08-19 18:14:51'),
(38, NULL, 39, NULL, NULL, NULL, 'Montréal', 'H2J3E5', 'Boyer', '4549', '', NULL, '2013-08-19 18:14:51', '2013-08-19 18:14:51'),
(39, NULL, 39, NULL, NULL, NULL, 'Montréal', 'H2L5E6', 'Saint-André', '550', '', NULL, '2013-08-19 18:14:51', '2013-08-19 18:14:51'),
(40, NULL, 39, NULL, NULL, NULL, 'Montréal', 'H2L5E6', 'Saint-André', '550', '', NULL, '2013-08-19 18:14:51', '2013-08-19 18:14:51'),
(41, NULL, 39, NULL, NULL, NULL, 'Montréal', 'H2C2C8', 'Foucher', '9651', '', NULL, '2013-08-19 18:14:51', '2013-08-19 18:14:51'),
(42, NULL, 39, NULL, NULL, NULL, 'Montréal', 'H2K0A3', 'Tansley', '1961', 'Appartement 3', NULL, '2013-08-19 18:14:51', '2013-08-19 18:14:51'),
(43, NULL, 39, NULL, NULL, NULL, 'Montréal', 'H1X3J7', 'De Chambly', '4200', 'Appartement 1', NULL, '2013-08-19 18:14:51', '2013-08-19 18:14:51'),
(44, NULL, 39, NULL, NULL, NULL, 'Montréal', 'H4K1H1', 'Jean-Bourdon', '7600', '', NULL, '2013-08-19 18:14:51', '2013-08-19 18:14:51'),
(45, NULL, 39, NULL, NULL, NULL, 'Montréal', 'H2L4H2', 'Berri', '3855', '', NULL, '2013-08-19 18:14:51', '2013-08-19 18:14:51'),
(46, NULL, 39, NULL, NULL, NULL, 'Montréal', 'H4A3M7', 'Vendôme', '3578', '', NULL, '2013-08-19 18:14:51', '2013-08-19 18:14:51'),
(47, NULL, 39, NULL, NULL, NULL, 'Montréal', 'H2J2M7', 'Rivard', '4237', '', NULL, '2013-08-19 18:14:51', '2013-08-19 18:14:51'),
(48, NULL, 39, NULL, NULL, NULL, 'Montréal', 'H2L1J1', 'Cherrier', '925', '', NULL, '2013-08-19 18:14:51', '2013-08-19 18:14:51'),
(49, NULL, 39, NULL, NULL, NULL, 'Montréal', 'H2N1R7', 'Clarke', '8995', '', NULL, '2013-08-19 18:14:51', '2013-08-19 18:14:51'),
(50, NULL, 39, NULL, NULL, NULL, 'Montréal', 'H3M2Y1', 'Bois de Boulogne', '12187', '', NULL, '2013-08-19 18:14:51', '2013-08-19 18:14:51'),
(51, NULL, 39, NULL, NULL, NULL, 'Brossard', 'J4X2X4', 'Des Saules', '7606', '', NULL, '2013-08-19 18:14:51', '2013-08-19 18:14:51'),
(52, NULL, 39, NULL, NULL, NULL, 'Montréal', 'H3C4J4', 'Saint-Jacques', '1430', 'Appartement 9', NULL, '2013-08-19 18:14:51', '2013-08-19 18:14:51'),
(53, NULL, 39, NULL, NULL, NULL, 'Montréal', 'H2S2K1', 'Saint-André', '5686', '', NULL, '2013-08-19 18:14:51', '2013-08-19 18:14:51'),
(54, NULL, 39, NULL, NULL, NULL, 'Montréal', 'H2V2X1', 'Claude Champagne', '70', '', NULL, '2013-08-19 18:14:51', '2013-08-19 18:14:51'),
(55, NULL, 39, NULL, NULL, NULL, 'Montréal', 'H3R2E6', 'Kirlfield', '3060', '', NULL, '2013-08-19 18:14:51', '2013-08-19 18:14:51'),
(56, NULL, 39, NULL, NULL, NULL, 'Montréal', 'H3L3E8', 'Verville', '10595', '', NULL, '2013-08-19 18:14:51', '2013-08-19 18:14:51'),
(57, NULL, 39, NULL, NULL, NULL, 'Montréal', 'H2S2S3', 'Saint-Denis', '6823', '', NULL, '2013-08-19 18:14:51', '2013-08-19 18:14:51'),
(58, NULL, 39, NULL, NULL, NULL, 'Montréal', 'H2L2Y2', 'Plessis', '1894', '', NULL, '2013-08-19 18:14:51', '2013-08-19 18:14:51'),
(59, NULL, 39, NULL, NULL, NULL, 'Montréal', 'H3R2E6', 'Maynard', '7380', '', NULL, '2013-08-19 18:14:51', '2013-08-19 18:14:51'),
(60, NULL, 39, NULL, NULL, NULL, 'Montréal', 'H2L3K5', 'Amherst', '1000', 'Appartement 402', NULL, '2013-08-19 18:14:51', '2013-08-19 18:14:51'),
(61, NULL, 39, NULL, NULL, NULL, 'Montréal', 'H4B2E5', 'Mayfair', '4578', '', NULL, '2013-08-19 18:14:51', '2013-08-19 18:14:51'),
(62, NULL, 39, NULL, NULL, NULL, 'Montréal', 'H4C3R3', 'Saint-Ambroise', '4300', 'Appartement 609', NULL, '2013-08-19 18:14:51', '2013-08-19 18:14:51'),
(63, NULL, 39, NULL, NULL, NULL, 'Montréal', 'H3G2J4', 'Simpson', '3460', 'Penthouse 4', NULL, '2013-08-19 18:14:51', '2013-08-19 18:14:51'),
(64, NULL, 39, NULL, NULL, NULL, 'Montréal', 'H2X3K8', 'Saint-Denis', '2069', '', NULL, '2013-08-19 18:14:51', '2013-08-19 18:14:51'),
(65, NULL, 39, NULL, NULL, NULL, 'Brossard', 'J4X2X4', 'Des Saules', '7706', '', NULL, '2013-08-19 18:14:51', '2013-08-19 18:14:51'),
(66, NULL, 39, NULL, NULL, NULL, 'Montréal', 'H1W1L6', 'Rouen', '3401', '', NULL, '2013-08-19 18:14:51', '2013-08-19 18:14:51'),
(67, NULL, 39, NULL, NULL, NULL, 'Montréal', 'H3H1B2', 'ave Dr. Penfield', '1605', 'Appartement 502', NULL, '2013-08-19 18:14:51', '2013-08-19 18:14:51'),
(68, NULL, 39, NULL, NULL, NULL, 'Montréal', 'H1Y2Y4', '2 ème avenue ', '5501', '', NULL, '2013-08-19 18:14:51', '2013-08-19 18:14:51'),
(69, NULL, 39, NULL, NULL, NULL, 'Montréal', 'H1T2V4', 'Des Cèdres', '5801', '', NULL, '2013-08-19 18:14:51', '2013-08-19 18:14:51'),
(70, NULL, 39, NULL, NULL, NULL, 'Montréal', 'H2J3V6', 'Fabre', '4680', '', NULL, '2013-08-19 18:14:51', '2013-08-19 18:14:51'),
(71, NULL, 39, NULL, NULL, NULL, 'Mont-Royal', 'H3P1K6', 'Beverly', '109', '', NULL, '2013-08-19 18:14:51', '2013-08-19 18:14:51'),
(72, NULL, 39, NULL, NULL, NULL, 'Montréal', 'H4A2Y9', 'Oxford', '4605', '', NULL, '2013-08-19 18:14:51', '2013-08-19 18:14:51'),
(73, NULL, 39, NULL, NULL, NULL, 'Montréal', 'H2C2G2', 'Durham', '9745', '', NULL, '2013-08-19 18:14:51', '2013-08-19 18:14:51'),
(74, NULL, 39, NULL, NULL, NULL, 'Montréal', 'H2J3A5', 'Saint-André', '5023', '', NULL, '2013-08-19 18:14:51', '2013-08-19 18:14:51'),
(75, NULL, 39, NULL, NULL, NULL, 'Montréal', 'H2K4B6', 'Dorion', '3518', '', NULL, '2013-08-19 18:14:51', '2013-08-19 18:14:51'),
(76, NULL, 39, NULL, NULL, NULL, 'Montréal', 'H2G2T4', 'Chabot', '6669', '', NULL, '2013-08-19 18:14:51', '2013-08-19 18:14:51'),
(77, NULL, 39, NULL, NULL, NULL, 'Montréal', 'H2Y2A2', 'De Gaspé', '5250', '', NULL, '2013-08-19 18:14:51', '2013-08-19 18:14:51'),
(78, NULL, 39, NULL, NULL, NULL, 'Montréal', 'H3L2L3', 'Laverdure', '10040', '', NULL, '2013-08-19 18:14:51', '2013-08-19 18:14:51'),
(79, NULL, 39, NULL, NULL, NULL, 'Montréal', 'H2K3X5', 'De Lorimier', '3507', '', NULL, '2013-08-19 18:14:51', '2013-08-19 18:14:51'),
(80, NULL, 39, NULL, NULL, NULL, 'Montréal', 'H2T2V4', 'Clark', '5626', '', NULL, '2013-08-19 18:14:51', '2013-08-19 18:14:51'),
(81, NULL, 39, NULL, NULL, NULL, 'Brossard', 'J4X2X4', 'Des Saules', '7608', '', NULL, '2013-08-19 18:14:51', '2013-08-19 18:14:51'),
(82, NULL, 39, NULL, NULL, NULL, 'Brossard', 'J4X2X4', 'Des Saules', '7620', '', NULL, '2013-08-19 18:14:51', '2013-08-19 18:14:51'),
(83, NULL, 39, NULL, NULL, NULL, 'Boucherville', 'J4B7S6', 'rue de Roberval', '690', '', NULL, '2013-08-19 18:14:51', '2013-08-19 18:14:51'),
(84, NULL, 39, NULL, NULL, NULL, 'Montréal', 'H1V1C9', 'Sicard', '2519', '', NULL, '2013-08-19 18:14:51', '2013-08-19 18:14:51'),
(85, NULL, 39, NULL, NULL, NULL, 'Mont-Royal', 'H3P2A1', 'Trenton', '319', '', NULL, '2013-08-19 18:14:51', '2013-08-19 18:14:51'),
(86, NULL, 39, NULL, NULL, NULL, 'Montréal', 'H3H1N6', 'Tupper', '1929', '', NULL, '2013-08-19 18:14:51', '2013-08-19 18:14:51'),
(87, NULL, 39, NULL, NULL, NULL, 'Montréal', 'H2S1J1', 'De Normanville', '6904', '', NULL, '2013-08-19 18:14:51', '2013-08-19 18:14:51'),
(88, NULL, 39, NULL, NULL, NULL, 'Montréal', 'H3E1Z8', 'Hall', '200', 'Appartement 508', NULL, '2013-08-19 18:14:51', '2013-08-19 18:14:51'),
(89, NULL, 39, NULL, NULL, NULL, 'Montréal', 'H1V1R1', 'Sicard', '1657', '', NULL, '2013-08-19 18:14:51', '2013-08-19 18:14:51'),
(90, NULL, 39, NULL, NULL, NULL, 'Montréal', 'H4G2X7', '3 ème avenue ', '1107', '', NULL, '2013-08-19 18:14:51', '2013-08-19 18:14:51'),
(91, NULL, 39, NULL, NULL, NULL, 'Montréal', 'H1Y', 'de la Fonderie', '3237', '', NULL, '2013-08-19 18:14:51', '2013-08-19 18:14:51'),
(92, NULL, 39, NULL, NULL, NULL, 'Mont-Royal', 'H3P1M8', 'Cornwall', '106', '', NULL, '2013-08-19 18:14:51', '2013-08-19 18:14:51'),
(93, NULL, 39, NULL, NULL, NULL, 'Montréal', 'H3R3B1', 'Bayard', '7341', '', NULL, '2013-08-19 18:14:51', '2013-08-19 18:14:51'),
(94, NULL, 39, NULL, NULL, NULL, 'Montréal', 'H1X2E0', 'Jeanne-D''Arc', '5475', '', NULL, '2013-08-19 18:14:51', '2013-08-19 18:14:51'),
(95, NULL, 39, NULL, NULL, NULL, 'Boca Raton', '33431', 'Northwest', '1941', '', NULL, '2013-08-19 18:14:51', '2013-08-19 18:14:51'),
(96, NULL, 39, NULL, NULL, NULL, 'Montréal', 'H3H1G6', 'Atwater', '2333', 'Appartement 212', NULL, '2013-08-19 18:14:51', '2013-08-19 18:14:51'),
(97, NULL, 39, NULL, NULL, NULL, 'Montréal', 'H2C2S9', 'Sacré Coeur', '10528', '', NULL, '2013-08-19 18:14:51', '2013-08-19 18:14:51'),
(98, NULL, 39, NULL, NULL, NULL, 'Montréal', 'H2M2L5', 'Étienne-Blancahrd', '1222', '', NULL, '2013-08-19 18:14:51', '2013-08-19 18:14:51'),
(99, NULL, 39, NULL, NULL, NULL, 'Montréal', 'H3X3R6', 'Beaconsfield', '4940', '', NULL, '2013-08-19 18:14:51', '2013-08-19 18:14:51'),
(100, NULL, 39, NULL, NULL, NULL, 'Montréal', 'H2W2E5', 'De Bullion', '4160', '', NULL, '2013-08-19 18:14:51', '2013-08-19 18:14:51'),
(101, NULL, 39, NULL, NULL, NULL, 'Montréal', 'H1W2T8', 'Saint-Germain', '2131', '', NULL, '2013-08-19 18:14:51', '2013-08-19 18:14:51'),
(102, NULL, 39, NULL, NULL, NULL, 'Montréal', 'H2S2E2', 'De la Roche', '6607', '', NULL, '2013-08-19 18:14:51', '2013-08-19 18:14:51'),
(103, NULL, 39, NULL, NULL, NULL, 'Montréal', 'H2M1V7', 'rue Foucher', '8978', '', NULL, '2013-08-19 18:14:51', '2013-08-19 18:14:51'),
(104, NULL, 39, NULL, NULL, NULL, 'Montréal', 'H1T4A9', 'L''Assomption', '5151', '', NULL, '2013-08-19 18:14:51', '2013-08-19 18:14:51'),
(105, NULL, 39, NULL, NULL, NULL, 'Montréal', 'H1M3V9', 'Place Beaubien', '6645', '', NULL, '2013-08-19 18:14:51', '2013-08-19 18:14:51'),
(106, NULL, 39, NULL, NULL, NULL, 'Montréal', 'H3H1N8', 'Tupper', '2076', '', NULL, '2013-08-19 18:14:51', '2013-08-19 18:14:51'),
(107, NULL, 39, NULL, NULL, NULL, 'Montréal', 'H3J1K2', 'Delisle', '2082', '', NULL, '2013-08-19 18:14:51', '2013-08-19 18:14:51'),
(108, NULL, 39, NULL, NULL, NULL, 'Montréal', 'H4A2Y1', 'Oxford', '3454', '', NULL, '2013-08-19 18:14:51', '2013-08-19 18:14:51'),
(109, NULL, 39, NULL, NULL, NULL, 'Mont-Royal', 'H3R1R7', 'Kindersley', '212', '', NULL, '2013-08-19 18:14:51', '2013-08-19 18:14:51'),
(110, NULL, 39, NULL, NULL, NULL, 'Côte St-Luc', 'H4W3G7', 'Mackle', '662', 'Appartement 704', NULL, '2013-08-19 18:14:51', '2013-08-19 18:14:51'),
(111, NULL, 39, NULL, NULL, NULL, 'Montréal', 'H4G3H8', 'De la Poudrière', '208', 'Appartement 107', NULL, '2013-08-19 18:14:51', '2013-08-19 18:14:51'),
(112, NULL, 39, NULL, NULL, NULL, 'Montréal', 'H4X2B2', 'Ballantyne sud', '22', '', NULL, '2013-08-19 18:14:51', '2013-08-19 18:14:51'),
(113, NULL, 39, NULL, NULL, NULL, 'Mont-Royal', 'H3P2K8', 'Régent', '1345', '', NULL, '2013-08-19 18:14:51', '2013-08-19 18:14:51'),
(114, NULL, 39, NULL, NULL, NULL, 'Montréal', 'H1X3B2', '12 ème avenue ', '6823', '', NULL, '2013-08-19 18:14:51', '2013-08-19 18:14:51'),
(115, NULL, 39, NULL, NULL, NULL, 'Montréal', 'H4H1C7', 'Beurling', '6370', '', NULL, '2013-08-19 18:14:51', '2013-08-19 18:14:51'),
(116, NULL, 39, NULL, NULL, NULL, 'Montréal', 'H2S2Z4', 'Casgrain', '6543', '', NULL, '2013-08-19 18:14:51', '2013-08-19 18:14:51'),
(117, NULL, 39, NULL, NULL, NULL, 'Boucherville', 'J4B2S7', 'De Rendonnai', '1016', '', NULL, '2013-08-19 18:14:51', '2013-08-19 18:14:51'),
(118, NULL, 39, NULL, NULL, NULL, 'Anjou', 'H1M1J6', 'Des Closeries', '7371', '', NULL, '2013-08-19 18:14:51', '2013-08-19 18:14:51'),
(119, NULL, 39, NULL, NULL, NULL, 'Montréal', 'H1V1A5', 'Pierre de Coubertin', '4276', '', NULL, '2013-08-19 18:14:51', '2013-08-19 18:14:51'),
(120, NULL, 39, NULL, NULL, NULL, 'Montréal', 'H1V1A5', 'Pierre de Coubertin', '4276', '', NULL, '2013-08-19 18:14:51', '2013-08-19 18:14:51'),
(121, NULL, 39, NULL, NULL, NULL, 'Montréal', 'H3K2T3', 'rue d''Hibernia', '707', '', NULL, '2013-08-19 18:14:51', '2013-08-19 18:14:51'),
(122, NULL, 39, NULL, NULL, NULL, 'Montréal', 'H2R2A5', 'De Gaspé', '7715', '', NULL, '2013-08-19 18:14:51', '2013-08-19 18:14:51'),
(123, NULL, 39, NULL, NULL, NULL, 'Longueuil', 'J4K1P3', 'Bertrand', '812', '', NULL, '2013-08-19 18:14:51', '2013-08-19 18:14:51'),
(124, NULL, 39, NULL, NULL, NULL, 'Montréal', 'H1N3G2', 'Lyall', '1665', '', NULL, '2013-08-19 18:14:51', '2013-08-19 18:14:51'),
(125, NULL, 39, NULL, NULL, NULL, 'Montréal', 'H1N3G2', 'Lyall', '1665', '', NULL, '2013-08-19 18:14:51', '2013-08-19 18:14:51'),
(126, NULL, 39, NULL, NULL, NULL, 'Mont-Royal', 'H3P1Y1', 'Lockhart', '144', '', NULL, '2013-08-19 18:14:51', '2013-08-19 18:14:51'),
(127, NULL, 39, NULL, NULL, NULL, 'Mont-Royal', 'H3P1Y1', 'Lockhart', '144', '', NULL, '2013-08-19 18:14:51', '2013-08-19 18:14:51'),
(128, NULL, 39, NULL, NULL, NULL, 'Montréal', 'H2T2Z9', 'ave de L''Esplanade', '5705', '', NULL, '2013-08-19 18:14:51', '2013-08-19 18:14:51'),
(129, NULL, 39, NULL, NULL, NULL, 'Montréal', 'H2R2K4', 'Saint-Gérard', '5705', '', NULL, '2013-08-19 18:14:51', '2013-08-19 18:14:51'),
(130, NULL, 39, NULL, NULL, NULL, 'Mont-Royal', 'H3P2H2', 'Greenoch', '462', '', NULL, '2013-08-19 18:14:51', '2013-08-19 18:14:51'),
(131, NULL, 39, NULL, NULL, NULL, 'Montréal', 'H2V1K2', 'De l''Épée', '760B', '', NULL, '2013-08-19 18:14:51', '2013-08-19 18:14:51'),
(132, NULL, 39, NULL, NULL, NULL, 'Montréal', 'H2L4H7', 'Rivard', '3990', '', NULL, '2013-08-19 18:14:51', '2013-08-19 18:14:51'),
(133, NULL, 39, NULL, NULL, NULL, 'Montréal', 'H2P2J7', 'Henri Julien', '8528', '', NULL, '2013-08-19 18:14:51', '2013-08-19 18:14:51'),
(134, NULL, 39, NULL, NULL, NULL, 'Montréal', 'H1M1J6', 'Place Des Groseillers', '6136', '', NULL, '2013-08-19 18:14:51', '2013-08-19 18:14:51'),
(135, NULL, 39, NULL, NULL, NULL, 'Montréal', 'H2P2C2', 'Foucher', '8491', '', NULL, '2013-08-19 18:14:51', '2013-08-19 18:14:51'),
(136, NULL, 39, NULL, NULL, NULL, 'Montréal', 'H2G2R9', 'de Bordeaux', '6596', '', NULL, '2013-08-19 18:14:51', '2013-08-19 18:14:51'),
(137, NULL, 39, NULL, NULL, NULL, 'Montréal', 'H2E2C6', 'Marquette', '6961', '', NULL, '2013-08-19 18:14:51', '2013-08-19 18:14:51'),
(138, NULL, 39, NULL, NULL, NULL, 'Westmount', 'H3Z2S6', 'Westmount Square', '4', 'Bureau 110', NULL, '2013-08-19 18:14:51', '2013-08-19 18:14:51'),
(139, NULL, 39, NULL, NULL, NULL, 'Montréal', 'H3L2X1', 'Waverly', '11014', '', NULL, '2013-08-19 18:14:51', '2013-08-19 18:14:51'),
(140, NULL, 39, NULL, NULL, NULL, 'Montréal', 'H3C4T6', 'De la Montagne', '500', 'Suite 205', NULL, '2013-08-19 18:14:51', '2013-08-19 18:14:51'),
(141, NULL, 39, NULL, NULL, NULL, 'Montréal', 'H3L1A3', 'Somerville', '330', '', NULL, '2013-08-19 18:14:51', '2013-08-19 18:14:51'),
(142, NULL, 39, NULL, NULL, NULL, 'Montréal', 'H1T3J7', '27ème avenue ', '', '', NULL, '2013-08-19 18:14:51', '2013-08-19 18:14:51'),
(143, NULL, 39, NULL, NULL, NULL, 'Montréal', 'H1T3H3', '29 ème avenue ', '6395', '', NULL, '2013-08-19 18:14:51', '2013-08-19 18:14:51'),
(144, NULL, 39, NULL, NULL, NULL, 'Montréal', 'H2H1Z6', 'De Bordeaux', '4361', '', NULL, '2013-08-19 18:14:51', '2013-08-19 18:14:51'),
(145, NULL, 39, NULL, NULL, NULL, 'Montréal', 'H2H2E6', 'Des Érables', '5133', '', NULL, '2013-08-19 18:14:51', '2013-08-19 18:14:51'),
(146, NULL, 39, NULL, NULL, NULL, 'Montréal', 'H1Y2J2', '10 ème avenue ', '6830', '', NULL, '2013-08-19 18:14:51', '2013-08-19 18:14:51'),
(147, NULL, 39, NULL, NULL, NULL, 'Montréal', 'H2C2R4', 'Chambord', '10425', '', NULL, '2013-08-19 18:14:51', '2013-08-19 18:14:51'),
(148, NULL, 39, NULL, NULL, NULL, 'Montréal', 'H4H2R7', 'rue Foch', '1699', '', NULL, '2013-08-19 18:14:51', '2013-08-19 18:14:51'),
(149, NULL, 39, NULL, NULL, NULL, 'Montréal', 'H1T1Y9', 'Bellechasse', '4565', '', NULL, '2013-08-19 18:14:51', '2013-08-19 18:14:51'),
(150, NULL, 39, NULL, NULL, NULL, 'Mont-Royal', 'H3P2E6', 'Boul. Graham', '792', '', NULL, '2013-08-19 18:14:51', '2013-08-19 18:14:51'),
(151, NULL, 39, NULL, NULL, NULL, 'Montréal', 'H3R2C6', 'Glenco', '3340', '', NULL, '2013-08-19 18:14:51', '2013-08-19 18:14:51'),
(152, NULL, 39, NULL, NULL, NULL, 'Montréal', '', '18e avenue ', '6615', '', NULL, '2013-08-19 18:14:51', '2013-08-19 18:14:51'),
(153, NULL, 39, NULL, NULL, NULL, 'Montréal', 'H4E2W7', 'Jogues', '6635-6637', '', NULL, '2013-08-19 18:14:51', '2013-08-19 18:14:51'),
(154, NULL, 39, NULL, NULL, NULL, 'Montréal', 'H2J3M8', 'Chambord', '4584', '', NULL, '2013-08-19 18:14:51', '2013-08-19 18:14:51'),
(155, NULL, 39, NULL, NULL, NULL, 'Montréal', 'H1Y2G6', '10 ème avenue ', '5290', '', NULL, '2013-08-19 18:14:51', '2013-08-19 18:14:51'),
(156, NULL, 39, NULL, NULL, NULL, 'Montréal', 'H3X2T8', 'Décarie', '6900', 'Suite 3500', NULL, '2013-08-19 18:14:51', '2013-08-19 18:14:51'),
(157, NULL, 39, NULL, NULL, NULL, 'Montréal', 'H4A2W5', 'Havard', '3848', '', NULL, '2013-08-19 18:14:51', '2013-08-19 18:14:51'),
(158, NULL, 39, NULL, NULL, NULL, 'Montréal', 'H2V2M4', 'Maplewood', '155', '', NULL, '2013-08-19 18:14:51', '2013-08-19 18:14:51'),
(159, NULL, 39, NULL, NULL, NULL, 'Montréal', 'H2T2X3', 'Saint-Urbain', '5730', '', NULL, '2013-08-19 18:14:51', '2013-08-19 18:14:51'),
(160, NULL, 39, NULL, NULL, NULL, 'Montréal', 'H2Y2K7', 'Saint-Hélène', '444', '', NULL, '2013-08-19 18:14:51', '2013-08-19 18:14:51'),
(161, NULL, 39, NULL, NULL, NULL, 'Montréal', 'H1M3V8', 'Place Beaubien', '6646', '', NULL, '2013-08-19 18:14:51', '2013-08-19 18:14:51'),
(162, NULL, 39, NULL, NULL, NULL, 'Montréal', 'H2V3H4', 'Stuart', '777', '', NULL, '2013-08-19 18:14:51', '2013-08-19 18:14:51'),
(163, NULL, 39, NULL, NULL, NULL, 'Montréal', 'H2L5C3', 'Saint-Antoine', '870', '', NULL, '2013-08-19 18:14:51', '2013-08-19 18:14:51'),
(164, NULL, 39, NULL, NULL, NULL, 'Westmount', 'H3Z2E1', 'avenue Bruce', '61', '', NULL, '2013-08-19 18:14:51', '2013-08-19 18:14:51'),
(165, NULL, 39, NULL, NULL, NULL, 'Montréal', 'H1Y2L3', '8 ème avenue ', '5157', '', NULL, '2013-08-19 18:14:51', '2013-08-19 18:14:51'),
(166, NULL, 39, NULL, NULL, NULL, 'Montréal', 'H2S2S8', 'Drolet', '6592', '', NULL, '2013-08-19 18:14:51', '2013-08-19 18:14:51'),
(167, NULL, 39, NULL, NULL, NULL, 'Montréal', 'H3J2T9', 'Vinet', '150', 'Appartement 5', NULL, '2013-08-19 18:14:51', '2013-08-19 18:14:51'),
(168, NULL, 39, NULL, NULL, NULL, 'Montréal', 'H4A3L3', 'Northcliff', '4112', '', NULL, '2013-08-19 18:14:51', '2013-08-19 18:14:51'),
(169, NULL, 39, NULL, NULL, NULL, 'Montréal', 'H1V2N4', 'Letourneux', '2030', '', NULL, '2013-08-19 18:14:51', '2013-08-19 18:14:51'),
(170, NULL, 39, NULL, NULL, NULL, 'Montréal', 'H2R2E1', 'Drolet', '7927', '', NULL, '2013-08-19 18:14:51', '2013-08-19 18:14:51'),
(171, NULL, 39, NULL, NULL, NULL, 'Montréal', 'H2R1Z1', 'Casgrain', '7766', '', NULL, '2013-08-19 18:14:51', '2013-08-19 18:14:51'),
(172, NULL, 39, NULL, NULL, NULL, 'Montréal', 'H3R3A7', 'Mount', '7390', '', NULL, '2013-08-19 18:14:51', '2013-08-19 18:14:51'),
(173, NULL, 39, NULL, NULL, NULL, 'Montréal', 'H1T2V3', 'Des Cèdres', '5810', '', NULL, '2013-08-19 18:14:51', '2013-08-19 18:14:51'),
(174, NULL, 39, NULL, NULL, NULL, 'Montréal', 'H2Y4B5', 'McGill', '38', '', NULL, '2013-08-19 18:14:51', '2013-08-19 18:14:51'),
(175, NULL, 39, NULL, NULL, NULL, 'Montréal', 'H2R2M8', 'De Châteaubriand', '7980', '', NULL, '2013-08-19 18:14:51', '2013-08-19 18:14:51'),
(176, NULL, 39, NULL, NULL, NULL, 'Longueuil', 'J4H1G9', 'Saint-Charles Ouest', '702', '', NULL, '2013-08-19 18:14:51', '2013-08-19 18:14:51'),
(177, NULL, 39, NULL, NULL, NULL, 'Brossard', 'J4X2X4', 'Des Saules', '7910', '', NULL, '2013-08-19 18:14:51', '2013-08-19 18:14:51'),
(178, NULL, 39, NULL, NULL, NULL, 'Montréal', 'H1T3K7', '26 ème avenue ', '6229', '', NULL, '2013-08-19 18:14:51', '2013-08-19 18:14:51'),
(179, NULL, 39, NULL, NULL, NULL, 'Montréal', 'H1X2E3', 'Jeanne d''Arc', '4518', '', NULL, '2013-08-19 18:14:51', '2013-08-19 18:14:51'),
(180, NULL, 39, NULL, NULL, NULL, 'Montréal', 'H2C2L3', 'Saint-Charles', '9908', '', NULL, '2013-08-19 18:14:51', '2013-08-19 18:14:51'),
(181, NULL, 39, NULL, NULL, NULL, 'Montréal', 'H1Y1Z9', 'Laurier', '3245', '', NULL, '2013-08-19 18:14:51', '2013-08-19 18:14:51'),
(182, NULL, 39, NULL, NULL, NULL, 'Montréal', 'H2V3T9', 'De l''Épée', '750', '', NULL, '2013-08-19 18:14:51', '2013-08-19 18:14:51'),
(183, NULL, 39, NULL, NULL, NULL, 'Montréal', 'H4C1Y2', 'Palm', '4760', '', NULL, '2013-08-19 18:14:51', '2013-08-19 18:14:51'),
(184, NULL, 39, NULL, NULL, NULL, 'Montréal', 'H3W1Y3', 'Queen Mary', '5275', '', NULL, '2013-08-19 18:14:51', '2013-08-19 18:14:51'),
(185, NULL, 39, NULL, NULL, NULL, 'Montréal', 'H2F3L1', 'Brébeuf', '4521', '', NULL, '2013-08-19 18:14:51', '2013-08-19 18:14:51'),
(186, NULL, 39, NULL, NULL, NULL, 'Montréal', 'H1M1C2', 'Ernest-Lavigne', '6522', '', NULL, '2013-08-19 18:14:51', '2013-08-19 18:14:51'),
(187, NULL, 39, NULL, NULL, NULL, 'Montréal', 'H2E2S4', 'Sagard', '7047', '', NULL, '2013-08-19 18:14:51', '2013-08-19 18:14:51'),
(188, NULL, 39, NULL, NULL, NULL, 'Montréal', 'H4G2X7', '3 ème avenue ', '1105', '', NULL, '2013-08-19 18:14:52', '2013-08-19 18:14:52'),
(189, NULL, 39, NULL, NULL, NULL, 'Montréal', 'H4A3M5', 'De Vendôme', '3571', '', NULL, '2013-08-19 18:14:52', '2013-08-19 18:14:52'),
(190, NULL, 39, NULL, NULL, NULL, 'Montréal', 'H1W3C4', 'Aylwin', '2065', '', NULL, '2013-08-19 18:14:52', '2013-08-19 18:14:52'),
(191, NULL, 39, NULL, NULL, NULL, 'Montréal', 'H1W3C4', 'Aylwin', '2065', '', NULL, '2013-08-19 18:14:52', '2013-08-19 18:14:52'),
(192, NULL, 39, NULL, NULL, NULL, 'Montréal', 'H2R2B8', 'Henri-Julien', '7960', '', NULL, '2013-08-19 18:14:52', '2013-08-19 18:14:52'),
(193, NULL, 39, NULL, NULL, NULL, 'Montréal', 'H1W3A8', 'Cuviller', '2409', '', NULL, '2013-08-19 18:14:52', '2013-08-19 18:14:52'),
(194, NULL, 39, NULL, NULL, NULL, 'Mont-Royal', 'H3P1K6', 'Beverly', '147', '', NULL, '2013-08-19 18:14:52', '2013-08-19 18:14:52'),
(195, NULL, 39, NULL, NULL, NULL, 'Montréal', 'H3X2W5', 'McDonald avenue', '5500', 'Appartement 905', NULL, '2013-08-19 18:14:52', '2013-08-19 18:14:52'),
(196, NULL, 39, NULL, NULL, NULL, 'Montréal', 'H2T2Y1', 'Waverly', '5728', '', NULL, '2013-08-19 18:14:52', '2013-08-19 18:14:52'),
(197, NULL, 39, NULL, NULL, NULL, 'Montréal', 'H4B2J7', 'Montclair', '4870', '', NULL, '2013-08-19 18:14:52', '2013-08-19 18:14:52'),
(198, NULL, 39, NULL, NULL, NULL, 'Montréal', 'H2J2Z5', 'Saint-André', '4413', '', NULL, '2013-08-19 18:14:52', '2013-08-19 18:14:52'),
(199, NULL, 39, NULL, NULL, NULL, 'Montréal', 'H4A3P1', 'Ave Grey', '4030', '', NULL, '2013-08-19 18:14:52', '2013-08-19 18:14:52'),
(200, NULL, 39, NULL, NULL, NULL, 'Montréal', 'H3W1S7', 'Isabella', '4970', '', NULL, '2013-08-19 18:14:52', '2013-08-19 18:14:52'),
(201, NULL, 39, NULL, NULL, NULL, 'Montréal', 'H2G3B2', 'De Lanaudière', '6843', '', NULL, '2013-08-19 18:14:52', '2013-08-19 18:14:52'),
(202, NULL, 39, NULL, NULL, NULL, 'Anjou', 'H1K1T9', 'De la Seine', '8060', '', NULL, '2013-08-19 18:14:52', '2013-08-19 18:14:52'),
(203, NULL, 39, NULL, NULL, NULL, 'Montréal', 'H2W2J3', 'Laval', '4154', '', NULL, '2013-08-19 18:14:52', '2013-08-19 18:14:52'),
(204, NULL, 39, NULL, NULL, NULL, 'Brossard', 'J4X2X4', 'Des Saules', '7880', '', NULL, '2013-08-19 18:14:52', '2013-08-19 18:14:52'),
(205, NULL, 39, NULL, NULL, NULL, 'Montréal', 'H2S2G8', 'Christophe-Colomb', '3560', '', NULL, '2013-08-19 18:14:52', '2013-08-19 18:14:52'),
(206, NULL, 39, NULL, NULL, NULL, 'Brossard', 'J4X2X6', 'boul Saint-Laurent', '8200', 'Penthouse 301', NULL, '2013-08-19 18:14:52', '2013-08-19 18:14:52'),
(207, NULL, 39, NULL, NULL, NULL, 'Montréal', 'H2C2E4', 'Chambord', '10425', '', NULL, '2013-08-19 18:14:52', '2013-08-19 18:14:52'),
(208, NULL, 39, NULL, NULL, NULL, 'Mont-Royal', 'H3P1M6', 'Cornwall', '51', '', NULL, '2013-08-19 18:14:52', '2013-08-19 18:14:52'),
(209, NULL, 39, 694, NULL, NULL, 'Québec', 'G1K7M3', NULL, NULL, 'Succursale Terminus', '1907 C.P. / P.O. BOX', '2013-08-20 10:53:06', '2013-08-19 18:14:52'),
(210, NULL, 39, 694, NULL, NULL, 'Québec', 'G1K8J1', NULL, NULL, 'Succursale Terminus', '19100 C.P. / P.O. BOX ', '2013-08-19 18:14:52', '2013-08-19 18:14:52'),
(211, NULL, 39, 694, NULL, NULL, 'Québec', 'G1K8J3', NULL, NULL, 'Succursale Terminus', '19300 C.P. / P.O. BOX ', '2013-08-19 18:14:52', '2013-08-19 18:14:52'),
(212, NULL, 39, 694, NULL, NULL, 'Québec', 'G1K8J6', NULL, NULL, '333, Jean Lesage', '19600  C.P. / P.O. BOX Succursale Terminus', '2013-08-19 18:14:52', '2013-08-19 18:14:52'),
(213, NULL, 39, 694, NULL, NULL, 'Québec', 'G1N3E9', 'Marie-de-l''Incarnation', '55', '', '', '2013-08-19 18:14:52', '2013-08-19 18:14:52'),
(214, NULL, 39, 694, NULL, NULL, 'Québec', 'G1V4X1', 'route de l''Église', '1200', '6 ème rang', '', '2013-08-19 18:14:52', '2013-08-19 18:14:52'),
(215, NULL, 39, 694, NULL, NULL, 'Shawinigan', 'G9N7S6', '12 ème avenue', '4695', '', '', '2013-08-19 18:14:52', '2013-08-19 18:14:52'),
(216, NULL, 39, 694, NULL, NULL, 'Shawinigan', 'G9N7S6', '12 ème avenue', '4695', '', '', '2013-08-19 18:14:52', '2013-08-19 18:14:52'),
(217, NULL, 39, 694, NULL, NULL, 'Montréal', 'H1B4J3', 'Ontario Est', '11470', '', '', '2013-08-19 18:14:52', '2013-08-19 18:14:52'),
(218, NULL, 39, 694, NULL, NULL, 'Montréal', 'H1B5V4', 'St-Jean-Baptiste', '3825', '', '', '2013-08-19 18:14:52', '2013-08-19 18:14:52'),
(219, NULL, 39, 694, NULL, NULL, 'Montréal', 'H1E1R8', '6 avenue', '11435', '', '', '2013-08-19 18:14:52', '2013-08-19 18:14:52'),
(220, NULL, 39, 694, NULL, NULL, 'Montréal', 'H1E6Z5', 'Pierre Chasseur', '7450', '', '', '2013-08-19 18:14:52', '2013-08-19 18:14:52'),
(221, NULL, 39, 694, NULL, NULL, 'Montréal', 'H1K3H3', 'Lebrun', '5090', '', '', '2013-08-19 18:14:52', '2013-08-19 18:14:52'),
(222, NULL, 39, 694, NULL, NULL, 'Montréal', 'H1L3T2', 'Bellerive', '9631', '', '', '2013-08-19 18:14:52', '2013-08-19 18:14:52'),
(223, NULL, 39, 694, NULL, NULL, 'Anjou', 'H1M1S7', 'Louis-H. Lafontaine', '5930', '', '', '2013-08-19 18:14:52', '2013-08-19 18:14:52'),
(224, NULL, 39, 694, NULL, NULL, 'Anjou', 'H1M1S7', 'Louis-H. Lafontaine', '5800', '', '', '2013-08-19 18:14:52', '2013-08-19 18:14:52'),
(225, NULL, 39, 694, NULL, NULL, 'Anjou', 'H1M1S7', 'Louis-H. Lafontaine', '5800', '', '', '2013-08-19 18:14:52', '2013-08-19 18:14:52'),
(226, NULL, 39, 694, NULL, NULL, 'Montréal', 'H1M1S7', 'Louis-H. Lafontaine', '5930', '', '', '2013-08-19 18:14:52', '2013-08-19 18:14:52'),
(227, NULL, 39, 694, NULL, NULL, 'Montréal', 'H1N0A2', 'Ontario', '5780', '', '', '2013-08-19 18:14:52', '2013-08-19 18:14:52'),
(228, NULL, 39, 694, NULL, NULL, 'Montréal', 'H1N2G2', 'Notre-Dame Est', '6977', '', '', '2013-08-19 18:14:52', '2013-08-19 18:14:52'),
(229, NULL, 39, 694, NULL, NULL, 'Montréal', 'H1P1Z3', 'Pascal-Gagnon', '8970', '', '', '2013-08-19 18:14:52', '2013-08-19 18:14:52'),
(230, NULL, 39, 694, NULL, NULL, 'Montréal', 'H1P3M4', 'Champ d''Eau', '9050', '', '', '2013-08-19 18:14:52', '2013-08-19 18:14:52'),
(231, NULL, 39, 694, NULL, NULL, 'Montréal', 'H1R1Z7', 'Métropolitain Est', '5055', 'Bureau 200', '', '2013-08-19 18:14:52', '2013-08-19 18:14:52'),
(232, NULL, 39, 694, NULL, NULL, 'Montréal', 'H1V2C8', 'Pie-IX', '2030', 'Bureau 201', '', '2013-08-19 18:14:52', '2013-08-19 18:14:52'),
(233, NULL, 39, 694, NULL, NULL, 'Montréal', 'H1W1R8', 'Ontario', '3629', '', '', '2013-08-19 18:14:52', '2013-08-19 18:14:52'),
(234, NULL, 39, 694, NULL, NULL, 'Montréal', 'H1W1S9', 'Ontario Est', '3950', '', '', '2013-08-19 18:14:52', '2013-08-19 18:14:52'),
(235, NULL, 39, 694, NULL, NULL, 'Montréal', 'H1W2C1', 'Ste-Catherine Est', '3115', '', '', '2013-08-19 18:14:52', '2013-08-19 18:14:52'),
(236, NULL, 39, 694, NULL, NULL, 'Montréal', 'H1W2M3', 'Moreau', '2160', '', '', '2013-08-19 18:14:52', '2013-08-19 18:14:52'),
(237, NULL, 39, 694, NULL, NULL, 'Montréal', 'H1Z2Z5', '9 ème avenue', '8468', '', '', '2013-08-19 18:14:52', '2013-08-19 18:14:52'),
(238, NULL, 39, 694, NULL, NULL, 'Montréal', 'H2B1L3', 'Fleury Est', '2460', '', '', '2013-08-19 18:14:52', '2013-08-19 18:14:52'),
(239, NULL, 39, 694, NULL, NULL, 'Montréal', 'H2G2H5', 'Fullum', '5595', '', '', '2013-08-19 18:14:52', '2013-08-19 18:14:52'),
(240, NULL, 39, 694, NULL, NULL, 'Montréal', 'H2H2N4', 'Hogan', '4300', '', '', '2013-08-19 18:14:52', '2013-08-19 18:14:52'),
(241, NULL, 39, 694, NULL, NULL, 'Montréal', 'H2K1N3', 'de Rouen', '2756', '', '', '2013-08-19 18:14:52', '2013-08-19 18:14:52'),
(242, NULL, 39, 694, NULL, NULL, 'Montréal', 'H2K1W4', 'Ontario Est', '2528', NULL, NULL, '2013-09-04 13:59:18', '2013-08-19 18:14:52'),
(243, NULL, 39, 694, NULL, NULL, 'Montréal', 'H2L3Y8', 'Saint-Hubert', '1245', 'Suite 100', '', '2013-08-19 18:14:52', '2013-08-19 18:14:52'),
(244, NULL, 39, 694, NULL, NULL, 'Montréal', 'H2L4Y5', NULL, NULL, 'Succursale St-André', '32011 C.P. / P.O. BOX ', '2013-08-19 18:14:52', '2013-08-19 18:14:52'),
(245, NULL, 39, 694, NULL, NULL, 'Montréal', 'H2M2V2', 'Crémazie est', '545', '4 ème  étage', '', '2013-08-19 18:14:52', '2013-08-19 18:14:52'),
(246, NULL, 39, 694, NULL, NULL, 'Montréal', 'H2M2V2', 'Crémazie Est', '545', '4 ème  étage', '', '2013-08-19 18:14:52', '2013-08-19 18:14:52'),
(247, NULL, 39, 694, NULL, NULL, 'Montréal', 'H2N1M9', 'St-Laurent', '9124', '', '', '2013-08-19 18:14:52', '2013-08-19 18:14:52'),
(248, NULL, 39, 694, NULL, NULL, 'Montréal', 'H2P2H3', 'Saint-Denis', '8694', '', '', '2013-08-19 18:14:52', '2013-08-19 18:14:52'),
(249, NULL, 39, 694, NULL, NULL, 'Montréal', 'H2P2V4', NULL, NULL, 'Succursale Youville', '270 C.P. / P.O. BOX ', '2013-08-19 18:14:52', '2013-08-19 18:14:52'),
(250, NULL, 39, 694, NULL, NULL, 'Montréal', 'H2P2X2', 'Crémazie Est', '1100', 'Bureau 500', '', '2013-08-19 18:14:52', '2013-08-19 18:14:52'),
(251, NULL, 39, 694, NULL, NULL, 'Montréal', 'H2R2W9', 'Jean-Talon', '105', '', '', '2013-08-19 18:14:52', '2013-08-19 18:14:52'),
(252, 4, 39, 694, NULL, NULL, 'Montréal', 'H2S2L8', 'Rue de Bordeaux', '7770', NULL, NULL, '2013-09-04 13:43:01', '2013-08-19 18:14:52'),
(253, NULL, 39, 694, NULL, NULL, 'Montréal', 'H2V3P9', 'Champagneur', '777-A', '', '', '2013-08-19 18:14:52', '2013-08-19 18:14:52'),
(254, NULL, 39, 694, NULL, NULL, 'Montréal', 'H2V3X1', 'Querbes', '815', '', '', '2013-08-19 18:14:52', '2013-08-19 18:14:52'),
(255, NULL, 39, 694, NULL, NULL, 'Montréal', 'H2V4S9', 'St-Zotique Ouest', '202', 'Boîte A7-B', '', '2013-08-19 18:14:52', '2013-08-19 18:14:52'),
(256, NULL, 39, 694, NULL, NULL, 'Montréal', 'H2W1P1', 'Des Pins Est', '200', '', '', '2013-08-19 18:14:52', '2013-08-19 18:14:52'),
(257, NULL, 39, 694, NULL, NULL, 'Montréal', 'H2Y3J6', NULL, NULL, 'Succursale postale Place d''Armes', '1084 C.P. / P.O. BOX ', '2013-08-19 18:14:52', '2013-08-19 18:14:52'),
(258, NULL, 39, 694, NULL, NULL, 'Montréal', 'H2Z1A6', 'René Lévesques Ouest', '305', '', '', '2013-08-19 18:14:52', '2013-08-19 18:14:52'),
(259, NULL, 39, 694, NULL, NULL, 'Montréal', 'H2Z1W5', 'Viger Ouest', '425', '', '', '2013-08-19 18:14:52', '2013-08-19 18:14:52'),
(260, NULL, 39, 694, NULL, NULL, 'Montréal', 'H3B4G7', 'McGill College', '1200', 'Suite 1100', '', '2013-08-19 18:14:52', '2013-08-19 18:14:52'),
(261, NULL, 39, 694, NULL, NULL, 'Montréal', 'H3B4L8', 'de la Gauchetière Ouest', '600', 'Bureau 2000', '', '2013-08-19 18:14:52', '2013-08-19 18:14:52'),
(262, NULL, 39, 694, NULL, NULL, 'Montréal', 'H3B4M4', 'Place Ville Marie', '1', 'Bureau 4000', '', '2013-08-19 18:14:52', '2013-08-19 18:14:52'),
(263, NULL, 39, 694, NULL, NULL, 'Montréal', 'H3C4X8', NULL, NULL, 'C.P. 11043, Succursale Centre-Ville', 'Recettes diverses', '2013-08-19 18:14:52', '2013-08-19 18:14:52'),
(264, NULL, 39, 694, NULL, NULL, 'Montréal', 'H3C4Y1', NULL, NULL, 'Succursale Centre-Ville', '11045 C.P. / P.O. BOX ', '2013-08-19 18:14:52', '2013-08-19 18:14:52'),
(265, NULL, 39, 694, NULL, NULL, 'Montréal', 'H3C4Y1', NULL, NULL, 'Succursale Centre-Ville', '11045 C.P. / P.O. BOX ', '2013-08-19 18:14:52', '2013-08-19 18:14:52'),
(266, NULL, 39, 694, NULL, NULL, 'Montréal', 'H3C4Y2', NULL, NULL, 'Succursale Centre-VIlle', '11046 C.P. / P.O. BOX ', '2013-08-19 18:14:52', '2013-08-19 18:14:52'),
(267, NULL, 39, 694, NULL, NULL, 'Montréal', 'H3C5B7', NULL, NULL, 'Succursale Centre Ville', '11078 C.P. / P.O. BOX ', '2013-08-19 18:14:52', '2013-08-19 18:14:52'),
(268, NULL, 39, 694, NULL, NULL, 'Montréal', 'H3C5H2', NULL, NULL, 'Succursale Centre-ville', '11116 C.P. / P.O. BOX ', '2013-08-19 18:14:52', '2013-08-19 18:14:52'),
(269, NULL, 39, 694, NULL, NULL, 'Montréal', 'H3C5L8', NULL, NULL, 'Succursale Centre-Ville', '11461 C.P. / P.O. BOX ', '2013-08-19 18:14:52', '2013-08-19 18:14:52'),
(270, NULL, 39, 694, NULL, NULL, 'Montréal', 'H3C5S1', NULL, NULL, 'Succursale Centre-ville', '11493 C.P. / P.O. BOX ', '2013-08-19 18:14:52', '2013-08-19 18:14:52'),
(271, NULL, 39, 694, NULL, NULL, 'Montréal', 'H3G2R7', 'Drummond', '1180', 'bureau 705', '', '2013-08-19 18:14:52', '2013-08-19 18:14:52'),
(272, NULL, 39, 694, NULL, NULL, 'Montréal', 'H3R3B3', 'Maynard', '7345', '', '', '2013-08-19 18:14:52', '2013-08-19 18:14:52'),
(273, NULL, 39, 694, NULL, NULL, 'Montréal', 'H3T2A7', 'Chemin de la Côte Ste-Catherine', '3000', '', '', '2013-08-19 18:14:52', '2013-08-19 18:14:52'),
(274, NULL, 39, 694, NULL, NULL, 'Montréal', 'H4M2M4', 'Marcel-Laurin', '750', 'Bureau 131', '', '2013-08-19 18:14:52', '2013-08-19 18:14:52'),
(275, 4, 39, 694, NULL, NULL, 'Montréal', 'H4N1M5', 'Charles de Latour', '9495', NULL, NULL, '2013-09-04 09:29:01', '2013-08-19 18:14:52'),
(276, NULL, 39, 694, NULL, NULL, 'Montréal', 'H4N1X3', 'Deslauriers', '825', '', '', '2013-08-19 18:14:52', '2013-08-19 18:14:52'),
(277, NULL, 39, 694, NULL, NULL, 'Montréal', 'H4P1V5', 'Jean-Talon Ouest', '4040', '', '', '2013-08-19 18:14:52', '2013-08-19 18:14:52'),
(278, NULL, 39, 694, NULL, NULL, 'Mont-Royal', 'H4P2K3', 'Devonshire', '8180', 'Bureau 206', '', '2013-08-19 18:14:52', '2013-08-19 18:14:52'),
(279, NULL, 39, 694, NULL, NULL, 'Saint-Laurent', 'H4S1R7', 'Transcanadienne', '9500', '', '', '2013-08-19 18:14:52', '2013-08-19 18:14:52'),
(280, NULL, 39, 694, NULL, NULL, 'Montréal', 'H4X1V5', 'Wolseley Nord', '48', '', '', '2013-08-19 18:14:52', '2013-08-19 18:14:52'),
(281, NULL, 39, 694, NULL, NULL, 'Montréal', 'H5B1A4', NULL, NULL, 'Succursale Desjardins', '3000 C.P. / P.O. BOX ', '2013-08-19 18:14:52', '2013-08-19 18:14:52'),
(282, NULL, 39, 694, NULL, NULL, 'Montréal', 'H5B1A4', 'Place Desjardins', '3', '', '', '2013-08-19 18:14:52', '2013-08-19 18:14:52'),
(283, NULL, 39, 694, NULL, NULL, 'Montréal', 'H5B1A5', NULL, NULL, 'C.P. 4000, Succursale Desjardins', 'RÉF: 00691', '2013-08-19 18:14:52', '2013-08-19 18:14:52'),
(284, NULL, 39, 694, NULL, NULL, 'Montréal', 'H5B1A5', NULL, NULL, 'C.P. 4000, Succursale Desjardins', 'TPS-TVQ', '2013-08-19 18:14:52', '2013-08-19 18:14:52'),
(285, NULL, 39, 694, NULL, NULL, 'Montréal', 'H5B1A5', NULL, NULL, 'Succursale Desjardins', '4000 C.P. / P.O. BOX ', '2013-08-19 18:14:52', '2013-08-19 18:14:52'),
(286, NULL, 39, 694, NULL, NULL, 'Montréal', 'H5B1A5', NULL, NULL, 'Succursale Desjardins', '4000 C.P. / P.O. BOX ', '2013-08-19 18:14:52', '2013-08-19 18:14:52'),
(287, NULL, 39, 694, NULL, NULL, 'Montréal', 'H5B1A8', NULL, NULL, 'C.P. 5500, Succursale Desjardins', 'RÉF: A2042', '2013-08-19 18:14:52', '2013-08-19 18:14:52'),
(288, NULL, 39, 694, NULL, NULL, 'Montréal', 'H5B1A8', NULL, NULL, 'Succursale Desjardins', '5500 C.P. / P.O. BOX ', '2013-08-19 18:14:52', '2013-08-19 18:14:52'),
(289, NULL, 39, 694, NULL, NULL, 'Montréal', 'H5B1A8', NULL, NULL, 'Succursale Desjardins', '5500 C.P. / P.O. BOX ', '2013-08-19 18:14:52', '2013-08-19 18:14:52'),
(290, NULL, 39, 694, NULL, NULL, 'Montréal', 'H5B1A8', NULL, NULL, 'Succursale Desjardins', '5500 C.P. / P.O. BOX ', '2013-08-19 18:14:52', '2013-08-19 18:14:52'),
(291, NULL, 39, 694, NULL, NULL, 'Montréal', 'H5B1A8', NULL, NULL, 'C.P. 5500, Succursale Desjardins', 'RÉF: A2121', '2013-08-19 18:14:52', '2013-08-19 18:14:52'),
(292, NULL, 39, 694, NULL, NULL, 'Montréal', 'H5B1C2', 'Complexe Desjardins', '2', 'Tour de l''Est, 31eme étage', '', '2013-08-19 18:14:52', '2013-08-19 18:14:52'),
(293, NULL, 39, 694, NULL, NULL, 'Montréal', 'H5B1J4', NULL, NULL, 'Succursale Place-Desjardins', '6700 C.P. / P.O. BOX ', '2013-08-19 18:14:52', '2013-08-19 18:14:52'),
(294, NULL, 39, 694, NULL, NULL, 'Laval', 'H7A0E9', 'Boulevard Lévesque Est', '6801', '', '', '2013-08-19 18:14:52', '2013-08-19 18:14:52'),
(295, NULL, 39, 694, NULL, NULL, 'Laval', 'H7E4P2', 'Place Verner', '1010', '', '', '2013-08-19 18:14:52', '2013-08-19 18:14:52'),
(296, NULL, 39, 694, NULL, NULL, 'Laval', 'H7L3T2', 'Place du Cormoran', '2930', '', '', '2013-08-19 18:14:52', '2013-08-19 18:14:52'),
(297, NULL, 39, 694, NULL, NULL, 'Laval', 'H7L5C2', 'Michelin', '1970', 'Local 3', '', '2013-08-19 18:14:52', '2013-08-19 18:14:52'),
(298, NULL, 39, 694, NULL, NULL, 'Laval', 'H7S2H8', 'Cunard', '1467', '', '', '2013-08-19 18:14:52', '2013-08-19 18:14:52'),
(299, NULL, 39, 694, NULL, NULL, 'Laval', 'H7X1W5', 'Bord de l''Eau', '790', '', '', '2013-08-19 18:14:52', '2013-08-19 18:14:52'),
(300, NULL, 39, 694, NULL, NULL, 'Montréal', 'H9H0A2', NULL, NULL, '', '98 C.P. / P.O. BOX ', '2013-08-19 18:14:52', '2013-08-19 18:14:52'),
(301, NULL, 39, 694, NULL, NULL, 'Pierrefonds', 'H9H1B1', 'Gouin O.', '14360', '', '', '2013-08-19 18:14:52', '2013-08-19 18:14:52'),
(302, NULL, 39, 694, NULL, NULL, 'Pierrefonds', 'H9H3P6', 'Pierrefonds', '15700', 'Centre dachat Baldwin', '', '2013-08-19 18:14:52', '2013-08-19 18:14:52'),
(303, NULL, 39, 694, NULL, NULL, 'Beaconsfield', 'H9W2E3', 'Elm', '245', '', '', '2013-08-19 18:14:52', '2013-08-19 18:14:52'),
(304, NULL, 39, 694, NULL, NULL, 'Ste Anne de Bellevue', 'H9X5X5', 'Ste-Marie', '20701', '', '', '2013-08-19 18:14:52', '2013-08-19 18:14:52'),
(305, NULL, 39, 694, NULL, NULL, 'Montréal', 'HIE3T1', 'Pierre-Blanchet', '12153', '', '', '2013-08-19 18:14:52', '2013-08-19 18:14:52'),
(306, NULL, 39, 694, NULL, NULL, 'Mandeville', 'J0K1L0', 'Chemin Parc', '1745', '', '', '2013-08-19 18:14:52', '2013-08-19 18:14:52'),
(307, NULL, 39, 694, NULL, NULL, 'Saint-Esprit', 'J0K2LO', 'route 125', '20', '', '', '2013-08-19 18:14:52', '2013-08-19 18:14:52'),
(308, NULL, 39, 694, NULL, NULL, 'St-Ro lAchigan', 'J0K3H0', 'des Méandres', '36', '', '', '2013-08-19 18:14:52', '2013-08-19 18:14:52'),
(309, NULL, 39, 694, NULL, NULL, 'Saint-Clotide', 'J0L1W0', 'route 209', '335', '', '', '2013-08-19 18:14:52', '2013-08-19 18:14:52'),
(310, NULL, 39, 694, NULL, NULL, 'St-Isidore', 'J0L2A0', 'Boyer', '148', '', '', '2013-08-19 18:14:52', '2013-08-19 18:14:52'),
(311, NULL, 39, 694, NULL, NULL, 'St-Jean-Baptiste', 'J0L2B0', 'Rouville', '2480', '', '', '2013-08-19 18:14:52', '2013-08-19 18:14:52'),
(312, NULL, 39, 694, NULL, NULL, 'Windsor', 'J1S2E1', 'Principale Nord', '207', '', '', '2013-08-19 18:14:52', '2013-08-19 18:14:52'),
(313, NULL, 39, 694, NULL, NULL, 'Sainte-Julie', 'J3E2X3', 'du Grand-Coteau', '19', '', '', '2013-08-19 18:14:52', '2013-08-19 18:14:52'),
(314, NULL, 39, 694, NULL, NULL, 'Chambly', 'J3L1J2', 'Notre-Dame', '130', '', '', '2013-08-19 18:14:52', '2013-08-19 18:14:52'),
(315, NULL, 39, 694, NULL, NULL, 'Varennes', 'J3X1M6', 'Mongeau', '202', '', '', '2013-08-19 18:14:52', '2013-08-19 18:14:52'),
(316, NULL, 39, 694, NULL, NULL, 'Varennes', 'J3X1P7', 'Lionel Boulet', '1015', 'local 125', '', '2013-08-19 18:14:52', '2013-08-19 18:14:52'),
(317, NULL, 39, 694, NULL, NULL, 'Saint-Hubert', 'J3Y', NULL, NULL, '5950, Cousineau', '29563 C.P. / P.O. BOX ', '2013-08-19 18:14:52', '2013-08-19 18:14:52'),
(318, NULL, 39, 694, NULL, NULL, 'Boucherville', 'J4B5Z5', 'Ampère', '1501', 'bureau 220', '', '2013-08-19 18:14:52', '2013-08-19 18:14:52'),
(319, NULL, 39, 694, NULL, NULL, 'Boucherville', 'J4B7Z7', 'de Coulomb', '1550-B', '', '', '2013-08-19 18:14:52', '2013-08-19 18:14:52'),
(320, NULL, 39, 694, NULL, NULL, 'Saint-Lambert', 'J4P3E7', 'Berkley', '415', '', '', '2013-08-19 18:14:52', '2013-08-19 18:14:52'),
(321, NULL, 39, 694, NULL, NULL, 'Brossard', 'J4Z3R6', NULL, NULL, '', '30521 C.P. / P.O. BOX ', '2013-08-19 18:14:52', '2013-08-19 18:14:52'),
(322, NULL, 39, 694, NULL, NULL, 'L''Assomption', 'J5W2T7', 'Chemin Des Commissaires', '188', '', '', '2013-08-19 18:14:52', '2013-08-19 18:14:52'),
(323, NULL, 39, 694, NULL, NULL, 'L''Assomption', 'J5W5B7', 'Labonté', '3960', NULL, NULL, '2013-09-18 09:46:59', '2013-08-19 18:14:52'),
(324, NULL, 39, 694, NULL, NULL, 'Répentigny', 'J5Y0E9', 'Mistassini', '510', '', '', '2013-08-19 18:14:52', '2013-08-19 18:14:52'),
(325, NULL, 39, 694, NULL, NULL, 'Repentigny', 'J5Y3W4', 'Einstein', '969', '', '', '2013-08-19 18:14:52', '2013-08-19 18:14:52'),
(326, NULL, 39, 694, NULL, NULL, 'Répentigny', 'J5Y3W4', 'Einstein', '969', '', '', '2013-08-19 18:14:52', '2013-08-19 18:14:52'),
(327, NULL, 39, 694, NULL, NULL, 'Repentigny', 'J6A3R1', 'Colonia', '112', '', '', '2013-08-19 18:14:53', '2013-08-19 18:14:53'),
(328, NULL, 39, 694, NULL, NULL, 'Châteauguay', 'J6J1G6', 'Dupont', '98', '', '', '2013-08-19 18:14:53', '2013-08-19 18:14:53'),
(329, NULL, 39, 694, NULL, NULL, 'Mercier', 'J6R1Z8', 'Marleau', '66', '', '', '2013-08-19 18:14:53', '2013-08-19 18:14:53'),
(330, NULL, 39, 694, NULL, NULL, 'Terrebonne', 'J6V1M6', 'Pierre Le Gardeur', '4413', '', '', '2013-08-19 18:14:53', '2013-08-19 18:14:53'),
(331, NULL, 39, 694, NULL, NULL, 'Terrebonne', 'J6X2R4', 'Claudelle', '3975', '', '', '2013-08-19 18:14:53', '2013-08-19 18:14:53'),
(332, NULL, 39, 694, NULL, NULL, 'Terrebonne', 'J6X4J2', 'Pascal Gagnon', '3700', '', '', '2013-08-19 18:14:53', '2013-08-19 18:14:53'),
(333, NULL, 39, 694, NULL, NULL, 'Terrebonne', 'J6X4J9', 'des Entreprises', '3535', '', '', '2013-08-19 18:14:53', '2013-08-19 18:14:53'),
(334, NULL, 39, 694, NULL, NULL, 'Terrebonne', 'J6Y1S9', 'Armand Bombardier', '1115', 'local 109', '', '2013-08-19 18:14:53', '2013-08-19 18:14:53'),
(335, NULL, 39, 694, NULL, NULL, 'Rosemère', 'J7A2H3', 'Labelle suite 206', '277', '', '', '2013-08-19 18:14:53', '2013-08-19 18:14:53'),
(336, NULL, 39, 694, NULL, NULL, 'Rosemère', 'J7A4M6', 'North Cote', '419', '', '', '2013-08-19 18:14:53', '2013-08-19 18:14:53'),
(337, NULL, 39, 694, NULL, NULL, 'Blainville', 'J7C6A7', 'Joseph-Bouchette', '30', '', '', '2013-08-19 18:14:53', '2013-08-19 18:14:53'),
(338, NULL, 39, 694, NULL, NULL, 'Ste-Thérèse', 'J7E4L1', 'René A. Robert', '215', 'Suite 112', '', '2013-08-19 18:14:53', '2013-08-19 18:14:53'),
(339, NULL, 39, 694, NULL, NULL, 'Boisbriand', 'J7G3G1', 'Carpentier', '1720', '', '', '2013-08-19 18:14:53', '2013-08-19 18:14:53'),
(340, NULL, 39, 694, NULL, NULL, 'Boisbriand', 'J7H1N3', 'Marcel Lacasse', '4220', '', '', '2013-08-19 18:14:53', '2013-08-19 18:14:53'),
(341, NULL, 39, 694, NULL, NULL, 'Terrebonne', 'J7M2E9', 'Des Halbrans', '6894', '', '', '2013-08-19 18:14:53', '2013-08-19 18:14:53'),
(342, NULL, 39, 694, NULL, NULL, 'Terrebonne', 'J7M2H2', 'du Bosquet', '5890', '', '', '2013-08-19 18:14:53', '2013-08-19 18:14:53'),
(343, NULL, 39, 694, NULL, NULL, 'Deux Montagnes', 'J7R3V2', 'du Régent', '267', '', '', '2013-08-19 18:14:53', '2013-08-19 18:14:53'),
(344, NULL, 39, 694, NULL, NULL, 'Vaudreuil-Dorion', 'J7V1Z1', 'Chicoine', '290', '', '', '2013-08-19 18:14:53', '2013-08-19 18:14:53'),
(345, NULL, 39, 694, NULL, NULL, 'Vaudreuil-Dorion', 'J7V9J8', 'Lomer-Gouin', '3614', '', '', '2013-08-19 18:14:53', '2013-08-19 18:14:53'),
(346, NULL, 39, 694, NULL, NULL, 'St-Hippolyte', 'J8A0C5', 'Boréale', '14', '', '', '2013-08-19 18:14:53', '2013-08-19 18:14:53'),
(347, NULL, 39, 694, NULL, NULL, 'Saint-Calixte', 'JOK1Z0', 'Beauchamps', '270', 'C.P.368', '', '2013-08-19 18:14:53', '2013-08-19 18:14:53'),
(348, NULL, 39, 694, NULL, NULL, 'Sainte-Julienne', 'JOK2T0', 'Chemin du Rivage', '1422', '', '', '2013-08-19 18:14:53', '2013-08-19 18:14:53'),
(349, NULL, 39, 694, NULL, NULL, 'St-Joseph-du-Lac', 'JON1MO', 'chemin d''Oka', '4377-A', '', '', '2013-08-19 18:14:53', '2013-08-19 18:14:53'),
(350, NULL, 39, 692, NULL, NULL, 'Ottawa', 'K1A1G9', 'Chemin Héron', '875', '', '', '2013-08-19 18:14:53', '2013-08-19 18:14:53'),
(351, NULL, 39, 692, NULL, NULL, 'Markham', 'L3R9X7', 'Apple Creek Boulevard', '445', 'suite 202', '', '2013-08-19 18:14:53', '2013-08-19 18:14:53'),
(352, NULL, 39, 692, NULL, NULL, 'Orangeville', 'L9W2Z6', NULL, NULL, '', '190  C.P. / P.O. BOX ', '2013-08-19 18:14:53', '2013-08-19 18:14:53'),
(353, NULL, 39, 692, NULL, NULL, 'Orangeville', 'L9W2Z7', NULL, NULL, '', '280 C.P. / P.O. BOX ', '2013-08-19 18:14:53', '2013-08-19 18:14:53'),
(354, NULL, 39, 692, NULL, NULL, 'Scarborough', 'M1R5J8', NULL, NULL, 'Station D', '407 C.P. / P.O. BOX ', '2013-08-19 18:14:53', '2013-08-19 18:14:53'),
(355, NULL, 39, 692, NULL, NULL, 'Scarborough', 'M1S5V2', NULL, NULL, 'Succursale Agincourt', '4600 C.P. / P.O. BOX ', '2013-08-19 18:14:53', '2013-08-19 18:14:53'),
(356, NULL, 39, 692, NULL, NULL, 'Toronto', 'M2N7J8', 'Yonge', '5000', '', '', '2013-08-19 18:14:53', '2013-08-19 18:14:53'),
(357, NULL, 39, 694, NULL, NULL, 'Montréal', 'H2J1K4', 'Saint-Joseph Est', '818', NULL, NULL, '2013-08-20 09:57:19', '2013-08-20 09:57:19'),
(358, 2, 39, 694, NULL, NULL, 'Montréal', 'H2S2H2', 'Christophe-Colomb', '6796', NULL, NULL, '2013-08-26 15:21:14', '2013-08-26 15:21:14'),
(359, 3, 39, 694, NULL, NULL, 'Laval', 'h7m3e1', 'De Mexico', '2229', NULL, NULL, '2013-08-29 13:40:24', '2013-08-29 13:40:24'),
(360, 3, 39, 694, NULL, NULL, 'Montreal', 'h3l2n3', 'St-Laurent', '9750', NULL, NULL, '2013-09-04 09:40:36', '2013-09-04 09:40:36'),
(361, 2, 39, 694, NULL, NULL, 'Sainte-Marthe-sur-le-Lac', 'JoN1P0', '40 avenue', '72', NULL, 'Québec', '2013-09-23 14:16:38', '2013-09-23 14:16:38');
INSERT INTO `address` (`id`, `address_type_id`, `country_id`, `province_id`, `regiony_id`, `timezone_id`, `city`, `postcode`, `street`, `building`, `suite`, `po`, `updated_at`, `created_at`) VALUES
(362, 2, 39, 694, NULL, NULL, 'Saint-Hyacinthe', 'J2S2H6', 'rue Morin', '2740', NULL, NULL, '2013-09-23 14:21:33', '2013-09-23 14:21:33'),
(363, 2, 39, 694, NULL, NULL, 'Montréal', 'H2S2H2', 'Christophe-Colomb', '6796', NULL, NULL, '2013-09-23 14:27:45', '2013-09-23 14:27:45'),
(364, 2, 39, NULL, NULL, NULL, 'Montréal', 'H1A2W3', '51 avenue', '1075', NULL, NULL, '2013-10-02 11:38:57', '2013-10-02 11:38:57'),
(365, 2, 39, NULL, NULL, NULL, 'Sainte-Thérèse', 'J7E2G7', 'Nantel', '16', NULL, NULL, '2013-10-02 11:48:50', '2013-10-02 11:48:50');

INSERT  IGNORE  INTO `persons` (`id`, `person_image_id`, `firstName`, `lastName`, `gender`, `birth_date`, `created_at`, `updated_at`, `objective`, `hr_info_id`, `salary_info_id`) VALUES
(1, NULL, 'Éric', 'Albin', 'm', '1969-01-17 00:00:00', '2013-08-19 18:14:51', '2013-10-10 06:23:47', NULL, 2, 1),
(2, NULL, 'Mickaël', 'Boyer', 'm', '1991-11-15 00:00:00', '2013-08-19 18:14:51', '2013-08-19 18:14:51', NULL, NULL, NULL),
(3, NULL, 'François', 'Brochu', 'm', '1965-07-17 00:00:00', '2013-08-19 18:14:51', '2013-08-19 18:14:51', NULL, NULL, NULL),
(4, NULL, 'Pierre', 'Chalifoux', 'm', '1981-07-02 00:00:00', '2013-08-19 18:14:51', '2013-08-19 18:14:51', NULL, NULL, NULL),
(5, NULL, 'Sébastien', 'Côté', 'm', '1980-07-17 00:00:00', '2013-08-19 18:14:51', '2013-08-19 18:14:51', NULL, NULL, NULL),
(6, NULL, 'Joël', 'Dion', 'm', '1977-06-20 00:00:00', '2013-08-19 18:14:51', '2013-08-19 18:14:51', NULL, NULL, NULL),
(7, NULL, 'Nicolas ', 'Dubreuil', 'm', '1986-02-18 00:00:00', '2013-08-19 18:14:51', '2013-08-19 18:14:51', NULL, NULL, NULL),
(8, NULL, 'Pierre', 'Ethier', 'm', '1964-05-13 00:00:00', '2013-08-19 18:14:51', '2013-08-19 18:14:51', NULL, NULL, NULL),
(9, NULL, 'Maude ', 'Filion', 'f', '1980-08-06 00:00:00', '2013-08-19 18:14:51', '2013-08-19 18:14:51', NULL, NULL, NULL),
(10, NULL, 'Anick', 'Gauvin', 'f', '1983-05-17 00:00:00', '2013-08-19 18:14:51', '2013-08-19 18:14:51', NULL, NULL, NULL),
(11, NULL, 'Simon', 'Lachance', 'm', '1984-04-19 00:00:00', '2013-08-19 18:14:51', '2013-08-19 18:14:51', NULL, NULL, NULL),
(12, NULL, 'Jean-François ', 'Mathieu', 'm', '1976-04-23 00:00:00', '2013-08-19 18:14:51', '2013-08-19 18:14:51', NULL, NULL, NULL),
(13, NULL, 'Paul', 'Mazzalongo', 'm', '1979-01-10 00:00:00', '2013-08-19 18:14:51', '2013-08-19 18:14:51', NULL, NULL, NULL),
(14, NULL, 'Christopher J. ', 'McNally', 'm', '1970-10-26 00:00:00', '2013-08-19 18:14:51', '2013-08-19 18:14:51', NULL, NULL, NULL),
(15, NULL, 'Olivier', 'Mocaer', 'm', '1983-04-07 00:00:00', '2013-08-19 18:14:51', '2013-08-19 18:14:51', NULL, NULL, NULL),
(16, NULL, 'Jonathan', 'Ouimet', 'm', '1977-03-13 00:00:00', '2013-08-19 18:14:51', '2013-08-19 18:14:51', NULL, NULL, NULL),
(17, NULL, 'Daniel', 'Paquette', 'm', NULL, '2013-08-19 18:14:51', '2013-08-19 18:14:51', NULL, NULL, NULL),
(18, NULL, 'Pierre', 'Paquette', 'm', '1975-04-12 00:00:00', '2013-08-19 18:14:51', '2013-08-19 18:14:51', NULL, NULL, NULL),
(19, NULL, 'Valérie', 'Perreault', 'f', NULL, '2013-08-19 18:14:51', '2013-08-19 18:14:51', NULL, NULL, NULL),
(20, NULL, 'Éric ', 'Sansoucy', 'm', NULL, '2013-08-19 18:14:51', '2013-08-19 18:14:51', NULL, NULL, NULL),
(21, NULL, 'Marc', 'Schür', 'm', '1980-11-27 00:00:00', '2013-08-19 18:14:51', '2013-08-29 10:56:37', NULL, NULL, NULL),
(22, NULL, 'Fidel Ernesto', 'Serna', 'm', '1974-12-24 00:00:00', '2013-08-19 18:14:51', '2013-09-04 15:31:51', '<p>test-fidel-2013-M08-26</p>', 8, NULL),
(23, NULL, 'Patrick', 'Viens', 'm', NULL, '2013-08-19 18:14:51', '2013-08-19 18:14:51', NULL, NULL, NULL),
(24, NULL, 'Agnieska', 'Majdan', NULL, NULL, '2013-08-19 18:14:51', '2013-08-19 18:14:51', NULL, NULL, NULL),
(25, NULL, 'Alain', 'Duclos', NULL, NULL, '2013-08-19 18:14:51', '2013-08-19 18:14:51', NULL, NULL, NULL),
(26, NULL, 'André', 'Farmer', NULL, NULL, '2013-08-19 18:14:51', '2013-08-19 18:14:51', NULL, NULL, NULL),
(27, NULL, 'Ann ', 'Pinsonneault', NULL, NULL, '2013-08-19 18:14:51', '2013-08-19 18:14:51', NULL, NULL, NULL),
(28, NULL, 'Anne ', 'Paradis', NULL, NULL, '2013-08-19 18:14:51', '2013-08-19 18:14:51', NULL, NULL, NULL),
(29, NULL, 'Anne-Claude', 'Dufour', NULL, NULL, '2013-08-19 18:14:51', '2013-08-19 18:14:51', NULL, NULL, NULL),
(30, NULL, 'Annick', 'Savoie', NULL, NULL, '2013-08-19 18:14:51', '2013-08-19 18:14:51', NULL, NULL, NULL),
(31, NULL, 'Annie', 'Boucher', NULL, NULL, '2013-08-19 18:14:51', '2013-08-19 18:14:51', NULL, NULL, NULL),
(32, NULL, 'Antoine', 'Mathys', NULL, NULL, '2013-08-19 18:14:51', '2013-08-19 18:14:51', NULL, NULL, NULL),
(33, NULL, 'Antoine ', 'Guilbaud', NULL, NULL, '2013-08-19 18:14:51', '2013-08-19 18:14:51', NULL, NULL, NULL),
(34, NULL, 'Arnaud', 'Proust', NULL, NULL, '2013-08-19 18:14:51', '2013-08-19 18:14:51', NULL, NULL, NULL),
(35, NULL, 'Benoit', 'Léger', NULL, NULL, '2013-08-19 18:14:51', '2013-08-19 18:14:51', NULL, NULL, NULL),
(36, NULL, 'Bill ', 'Titcombe', NULL, NULL, '2013-08-19 18:14:51', '2013-08-19 18:14:51', NULL, NULL, NULL),
(37, NULL, 'Brian', 'Cowan', NULL, NULL, '2013-08-19 18:14:51', '2013-08-19 18:14:51', NULL, NULL, NULL),
(38, NULL, 'Bruno', 'Guillemette', NULL, NULL, '2013-08-19 18:14:51', '2013-08-19 18:14:51', NULL, NULL, NULL),
(39, NULL, 'Caroline', 'Brunelle', NULL, NULL, '2013-08-19 18:14:51', '2013-08-19 18:14:51', NULL, NULL, NULL),
(40, NULL, 'Catherine', 'Nault', NULL, NULL, '2013-08-19 18:14:51', '2013-08-19 18:14:51', NULL, NULL, NULL),
(41, NULL, 'Chantal ', 'Frappier', NULL, NULL, '2013-08-19 18:14:51', '2013-08-19 18:14:51', NULL, NULL, NULL),
(42, NULL, 'Charles', 'Memain', NULL, NULL, '2013-08-19 18:14:51', '2013-08-19 18:14:51', NULL, NULL, NULL),
(43, NULL, 'Christian', 'Gélinas', NULL, NULL, '2013-08-19 18:14:51', '2013-08-19 18:14:51', NULL, NULL, NULL),
(44, NULL, 'Christian', 'Janelle', NULL, NULL, '2013-08-19 18:14:51', '2013-08-19 18:14:51', NULL, NULL, NULL),
(45, NULL, 'Christophe', 'Hubert', NULL, NULL, '2013-08-19 18:14:51', '2013-08-19 18:14:51', NULL, NULL, NULL),
(46, NULL, 'Christophe ', 'De Virville', NULL, NULL, '2013-08-19 18:14:51', '2013-08-19 18:14:51', NULL, NULL, NULL),
(47, NULL, 'Christopher', 'Bennett', NULL, NULL, '2013-08-19 18:14:51', '2013-08-19 18:14:51', NULL, NULL, NULL),
(48, NULL, 'Claire ', 'Beauregard', NULL, NULL, '2013-08-19 18:14:51', '2013-08-19 18:14:51', NULL, NULL, NULL),
(49, NULL, 'Claire ', 'Roberge', NULL, NULL, '2013-08-19 18:14:51', '2013-08-19 18:14:51', NULL, NULL, NULL),
(50, NULL, 'Claude', 'Brossard', NULL, NULL, '2013-08-19 18:14:51', '2013-08-19 18:14:51', NULL, NULL, NULL),
(51, NULL, 'Claude', 'Brouillet', NULL, NULL, '2013-08-19 18:14:51', '2013-08-19 18:14:51', NULL, NULL, NULL),
(52, NULL, 'Claude', 'Martineau', NULL, NULL, '2013-08-19 18:14:51', '2013-08-19 18:14:51', NULL, NULL, NULL),
(53, NULL, 'Claude', 'Perreault', NULL, NULL, '2013-08-19 18:14:51', '2013-08-19 18:14:51', NULL, NULL, NULL),
(54, NULL, 'Claude', 'Valois', NULL, NULL, '2013-08-19 18:14:51', '2013-08-19 18:14:51', NULL, NULL, NULL),
(55, NULL, 'Claudia', 'Cicigoi', NULL, NULL, '2013-08-19 18:14:51', '2013-08-19 18:14:51', NULL, NULL, NULL),
(56, NULL, 'Clément', 'Brunet', NULL, NULL, '2013-08-19 18:14:51', '2013-08-19 18:14:51', NULL, NULL, NULL),
(57, NULL, 'Daniel', 'Filippini', NULL, NULL, '2013-08-19 18:14:51', '2013-08-19 18:14:51', NULL, NULL, NULL),
(58, NULL, 'Daniel', 'Kandelman', NULL, NULL, '2013-08-19 18:14:51', '2013-08-19 18:14:51', NULL, NULL, NULL),
(59, NULL, 'Daniel', 'Soucy', NULL, NULL, '2013-08-19 18:14:51', '2013-08-19 18:14:51', NULL, NULL, NULL),
(60, NULL, 'Daphné', 'Yee', NULL, NULL, '2013-08-19 18:14:51', '2013-08-19 18:14:51', NULL, NULL, NULL),
(61, NULL, 'Dave', 'Janesek', NULL, NULL, '2013-08-19 18:14:51', '2013-08-19 18:14:51', NULL, NULL, NULL),
(62, NULL, 'Denys', 'Beauvais', NULL, NULL, '2013-08-19 18:14:51', '2013-08-19 18:14:51', NULL, NULL, NULL),
(63, NULL, 'Diane', 'Pinet', NULL, NULL, '2013-08-19 18:14:51', '2013-08-19 18:14:51', NULL, NULL, NULL),
(64, NULL, 'Diane', 'Roy', NULL, NULL, '2013-08-19 18:14:51', '2013-08-19 18:14:51', NULL, NULL, NULL),
(65, NULL, 'Dominique', 'Picard', NULL, NULL, '2013-08-19 18:14:51', '2013-08-19 18:14:51', NULL, NULL, NULL),
(66, NULL, 'Dr. Arthur', 'T. Porter', NULL, NULL, '2013-08-19 18:14:51', '2013-08-19 18:14:51', NULL, NULL, NULL),
(67, NULL, 'Éric', 'Arsenault', NULL, NULL, '2013-08-19 18:14:51', '2013-08-19 18:14:51', NULL, NULL, NULL),
(68, NULL, 'Éric', 'Montplaisir', NULL, NULL, '2013-08-19 18:14:51', '2013-08-19 18:14:51', NULL, NULL, NULL),
(69, NULL, 'Érik', 'Mackay', NULL, NULL, '2013-08-19 18:14:51', '2013-08-19 18:14:51', NULL, NULL, NULL),
(70, NULL, 'Felipe', 'Gallon', NULL, NULL, '2013-08-19 18:14:51', '2013-08-19 18:14:51', NULL, NULL, NULL),
(71, NULL, 'Fernande', 'Lanoix', NULL, NULL, '2013-08-19 18:14:51', '2013-08-19 18:14:51', NULL, NULL, NULL),
(72, NULL, 'Francelyne', 'Brunet', NULL, NULL, '2013-08-19 18:14:51', '2013-08-19 18:14:51', NULL, NULL, NULL),
(73, NULL, 'Francis', 'Bissonette', NULL, NULL, '2013-08-19 18:14:51', '2013-08-19 18:14:51', NULL, NULL, NULL),
(74, NULL, 'Francis', 'Sirard', NULL, NULL, '2013-08-19 18:14:51', '2013-08-19 18:14:51', NULL, NULL, NULL),
(75, NULL, 'Francis', 'Vaudry', NULL, NULL, '2013-08-19 18:14:51', '2013-08-19 18:14:51', NULL, NULL, NULL),
(76, NULL, 'Frédérick', 'Desrosiers', NULL, NULL, '2013-08-19 18:14:51', '2013-08-19 18:14:51', NULL, NULL, NULL),
(77, NULL, 'Gabriel', 'Dubé', NULL, NULL, '2013-08-19 18:14:51', '2013-08-19 18:14:51', NULL, NULL, NULL),
(78, NULL, 'Geoffrey', 'Dirat', NULL, NULL, '2013-08-19 18:14:51', '2013-08-19 18:14:51', NULL, NULL, NULL),
(79, NULL, 'Gérard', 'Chauveau', NULL, NULL, '2013-08-19 18:14:51', '2013-08-19 18:14:51', NULL, NULL, NULL),
(80, NULL, 'Gilles', 'Légaré', NULL, NULL, '2013-08-19 18:14:51', '2013-08-19 18:14:51', NULL, NULL, NULL),
(81, NULL, 'Gilles', 'Morais', NULL, NULL, '2013-08-19 18:14:51', '2013-08-19 18:14:51', NULL, NULL, NULL),
(82, NULL, 'Gilles', 'Ouellet', NULL, NULL, '2013-08-19 18:14:51', '2013-08-19 18:14:51', NULL, NULL, NULL),
(83, NULL, 'Gilles ', 'Croteau', NULL, NULL, '2013-08-19 18:14:51', '2013-08-19 18:14:51', NULL, NULL, NULL),
(84, NULL, 'Guylain', 'Hamel', NULL, NULL, '2013-08-19 18:14:51', '2013-08-19 18:14:51', NULL, NULL, NULL),
(85, NULL, 'Gwladys', 'Breault', NULL, NULL, '2013-08-19 18:14:51', '2013-08-19 18:14:51', NULL, NULL, NULL),
(86, NULL, 'Hanan', 'Hassaoui', NULL, NULL, '2013-08-19 18:14:51', '2013-08-19 18:14:51', NULL, NULL, NULL),
(87, NULL, 'Hélène', 'Wermenlinger', NULL, NULL, '2013-08-19 18:14:51', '2013-08-19 18:14:51', NULL, NULL, NULL),
(88, NULL, 'Isabelle', 'Fournier', NULL, NULL, '2013-08-19 18:14:51', '2013-08-19 18:14:51', NULL, NULL, NULL),
(89, NULL, 'Isabelle', 'Julien', NULL, NULL, '2013-08-19 18:14:51', '2013-08-19 18:14:51', NULL, NULL, NULL),
(90, NULL, 'Isabelle', 'Laperrière', NULL, NULL, '2013-08-19 18:14:51', '2013-08-19 18:14:51', NULL, NULL, NULL),
(91, NULL, 'Isabelle', 'Mongeau', NULL, NULL, '2013-08-19 18:14:51', '2013-08-19 18:14:51', NULL, NULL, NULL),
(92, NULL, 'Jacqueline', 'Frobisher', NULL, NULL, '2013-08-19 18:14:51', '2013-08-19 18:14:51', NULL, NULL, NULL),
(93, NULL, 'Jacques', 'Lemire', NULL, NULL, '2013-08-19 18:14:51', '2013-08-19 18:14:51', NULL, NULL, NULL),
(94, NULL, 'Jake', 'Lazarovic', NULL, NULL, '2013-08-19 18:14:51', '2013-08-19 18:14:51', NULL, NULL, NULL),
(95, NULL, 'James', 'Mc Elone', NULL, NULL, '2013-08-19 18:14:51', '2013-08-19 18:14:51', NULL, NULL, NULL),
(96, NULL, 'Jean', 'Bérubé', NULL, NULL, '2013-08-19 18:14:51', '2013-08-19 18:14:51', NULL, NULL, NULL),
(97, NULL, 'Jean', 'Caumartin', NULL, NULL, '2013-08-19 18:14:51', '2013-08-19 18:14:51', NULL, NULL, NULL),
(98, NULL, 'Jean', 'Dorion', NULL, NULL, '2013-08-19 18:14:51', '2013-08-19 18:14:51', NULL, NULL, NULL),
(99, NULL, 'Jean', 'Mailloux', NULL, NULL, '2013-08-19 18:14:51', '2013-08-19 18:14:51', NULL, NULL, NULL),
(100, NULL, 'Jean-François', 'Gélinas', NULL, NULL, '2013-08-19 18:14:51', '2013-08-19 18:14:51', NULL, NULL, NULL),
(101, NULL, 'Jean-François', 'Morin', NULL, NULL, '2013-08-19 18:14:51', '2013-08-19 18:14:51', NULL, NULL, NULL),
(102, NULL, 'Jeanna', 'Roche', NULL, NULL, '2013-08-19 18:14:51', '2013-08-19 18:14:51', NULL, NULL, NULL),
(103, NULL, 'Jean-Pierre', 'Laurin', NULL, NULL, '2013-08-19 18:14:51', '2013-08-19 18:14:51', NULL, NULL, NULL),
(104, NULL, 'Jean-Pierre', 'Roy', NULL, NULL, '2013-08-19 18:14:51', '2013-08-19 18:14:51', NULL, NULL, NULL),
(105, NULL, 'Jessica', 'Noras', NULL, NULL, '2013-08-19 18:14:51', '2013-08-19 18:14:51', NULL, NULL, NULL),
(106, NULL, 'Johanne', 'Lafrance', NULL, NULL, '2013-08-19 18:14:51', '2013-08-19 18:14:51', NULL, NULL, NULL),
(107, NULL, 'John', 'McDougall', NULL, NULL, '2013-08-19 18:14:51', '2013-08-19 18:14:51', NULL, NULL, NULL),
(108, NULL, 'Josée', 'Ménard', NULL, NULL, '2013-08-19 18:14:51', '2013-08-19 18:14:51', NULL, NULL, NULL),
(109, NULL, 'Judith', 'Rapaport', NULL, NULL, '2013-08-19 18:14:51', '2013-08-19 18:14:51', NULL, NULL, NULL),
(110, NULL, 'Julie', 'Bourassa', NULL, NULL, '2013-08-19 18:14:51', '2013-08-19 18:14:51', NULL, NULL, NULL),
(111, NULL, 'Julie', 'Richard', NULL, NULL, '2013-08-19 18:14:51', '2013-08-19 18:14:51', NULL, NULL, NULL),
(112, NULL, 'Karine', 'Meunier', NULL, NULL, '2013-08-19 18:14:51', '2013-08-19 18:14:51', NULL, NULL, NULL),
(113, NULL, 'Katrine', 'Picher', NULL, NULL, '2013-08-19 18:14:51', '2013-08-19 18:14:51', NULL, NULL, NULL),
(114, NULL, 'Laurent', 'Gagnon', NULL, NULL, '2013-08-19 18:14:51', '2013-08-19 18:14:51', NULL, NULL, NULL),
(115, NULL, 'Leda', 'Avila', NULL, NULL, '2013-08-19 18:14:51', '2013-08-19 18:14:51', NULL, NULL, NULL),
(116, NULL, 'Lisa', 'Bolduc', NULL, NULL, '2013-08-19 18:14:51', '2013-08-19 18:14:51', NULL, NULL, NULL),
(117, NULL, 'Lise', 'Bruneau', NULL, NULL, '2013-08-19 18:14:51', '2013-08-19 18:14:51', NULL, NULL, NULL),
(118, NULL, 'Louise', 'Préville', NULL, NULL, '2013-08-19 18:14:51', '2013-08-19 18:14:51', NULL, NULL, NULL),
(119, NULL, 'Louise ', 'L''Heureux', NULL, NULL, '2013-08-19 18:14:51', '2013-08-19 18:14:51', NULL, NULL, NULL),
(120, NULL, 'Louis-Philippe', 'Morency', NULL, NULL, '2013-08-19 18:14:51', '2013-08-19 18:14:51', NULL, NULL, NULL),
(121, NULL, 'Luce', 'De Bellefeuille', NULL, NULL, '2013-08-19 18:14:51', '2013-08-19 18:14:51', NULL, NULL, NULL),
(122, NULL, 'Lucie', 'Lalonde', NULL, NULL, '2013-08-19 18:14:51', '2013-08-19 18:14:51', NULL, NULL, NULL),
(123, NULL, 'Lucille', 'Fluet', NULL, NULL, '2013-08-19 18:14:51', '2013-08-19 18:14:51', NULL, NULL, NULL),
(124, NULL, 'Lysanne', 'Gérard', NULL, NULL, '2013-08-19 18:14:51', '2013-08-19 18:14:51', NULL, NULL, NULL),
(125, NULL, 'M.', 'Assimakopoulos', NULL, NULL, '2013-08-19 18:14:51', '2013-08-19 18:14:51', NULL, NULL, NULL),
(126, NULL, 'M.', 'Pasteris', NULL, NULL, '2013-08-19 18:14:51', '2013-08-19 18:14:51', NULL, NULL, NULL),
(127, NULL, 'M.', 'Rabasa', NULL, NULL, '2013-08-19 18:14:51', '2013-08-19 18:14:51', NULL, NULL, NULL),
(128, NULL, 'M. ', 'Dauphin', NULL, NULL, '2013-08-19 18:14:51', '2013-08-19 18:14:51', NULL, NULL, NULL),
(129, NULL, 'Maher', 'Kooli', NULL, NULL, '2013-08-19 18:14:51', '2013-08-19 18:14:51', NULL, NULL, NULL),
(130, NULL, 'Maire-ève', 'Huard', NULL, NULL, '2013-08-19 18:14:51', '2013-08-19 18:14:51', NULL, NULL, NULL),
(131, NULL, 'Marc', 'McLauchlan', NULL, NULL, '2013-08-19 18:14:51', '2013-08-19 18:14:51', NULL, NULL, NULL),
(132, NULL, 'Marc-André', 'Fortier', NULL, NULL, '2013-08-19 18:14:51', '2013-08-19 18:14:51', NULL, NULL, NULL),
(133, NULL, 'Maria', 'Garcia', NULL, NULL, '2013-08-19 18:14:51', '2013-08-19 18:14:51', NULL, NULL, NULL),
(134, NULL, 'Marie-André', 'Beaudoin', NULL, NULL, '2013-08-19 18:14:51', '2013-08-19 18:14:51', NULL, NULL, NULL),
(135, NULL, 'Marie-Claude', 'Laflèche', NULL, NULL, '2013-08-19 18:14:51', '2013-08-19 18:14:51', NULL, NULL, NULL),
(136, NULL, 'Marie-Josée', 'Dupuis', NULL, NULL, '2013-08-19 18:14:51', '2013-08-19 18:14:51', NULL, NULL, NULL),
(137, NULL, 'Marie-Josée', 'Sanz', NULL, NULL, '2013-08-19 18:14:51', '2013-08-19 18:14:51', NULL, NULL, NULL),
(138, NULL, 'Marie-Yvonne', 'Paint', NULL, NULL, '2013-08-19 18:14:51', '2013-08-19 18:14:51', NULL, NULL, NULL),
(139, NULL, 'Martin', 'Boisvert', NULL, NULL, '2013-08-19 18:14:51', '2013-08-19 18:14:51', NULL, NULL, NULL),
(140, NULL, 'Martin ', 'Caillé', NULL, NULL, '2013-08-19 18:14:51', '2013-08-19 18:14:51', NULL, NULL, NULL),
(141, NULL, 'Martin ', 'Leboeuf', NULL, NULL, '2013-08-19 18:14:51', '2013-08-19 18:14:51', NULL, NULL, NULL),
(142, NULL, 'Martine', 'Lévesque', NULL, NULL, '2013-08-19 18:14:51', '2013-08-19 18:14:51', NULL, NULL, NULL),
(143, NULL, 'Martin-Frédérick', 'Constant', NULL, NULL, '2013-08-19 18:14:51', '2013-08-19 18:14:51', NULL, NULL, NULL),
(144, NULL, 'Mathieu', 'Boulanger', NULL, NULL, '2013-08-19 18:14:51', '2013-08-19 18:14:51', NULL, NULL, NULL),
(145, NULL, 'Maxime', 'St-Pierre', NULL, NULL, '2013-08-19 18:14:51', '2013-08-19 18:14:51', NULL, NULL, NULL),
(146, NULL, 'Mélanie ', 'Rose', NULL, NULL, '2013-08-19 18:14:51', '2013-08-19 18:14:51', NULL, NULL, NULL),
(147, NULL, 'Mélissa', 'Dionne', NULL, NULL, '2013-08-19 18:14:51', '2013-08-19 18:14:51', NULL, NULL, NULL),
(148, NULL, 'Michel ', 'Langevin', NULL, NULL, '2013-08-19 18:14:51', '2013-08-19 18:14:51', NULL, NULL, NULL),
(149, NULL, 'Monique ', 'Charest', NULL, NULL, '2013-08-19 18:14:51', '2013-08-19 18:14:51', NULL, NULL, NULL),
(150, NULL, 'Monique ', 'Courtois', NULL, NULL, '2013-08-19 18:14:51', '2013-08-19 18:14:51', NULL, NULL, NULL),
(151, NULL, 'Nathalie', 'Bloch', NULL, NULL, '2013-08-19 18:14:51', '2013-08-19 18:14:51', NULL, NULL, NULL),
(152, NULL, 'Nathalie', 'Doyon', NULL, NULL, '2013-08-19 18:14:51', '2013-08-19 18:14:51', NULL, NULL, NULL),
(153, NULL, 'Nathaniel', 'Mercure', NULL, NULL, '2013-08-19 18:14:51', '2013-08-19 18:14:51', NULL, NULL, NULL),
(154, NULL, 'Nicolas', 'Guizard', NULL, NULL, '2013-08-19 18:14:51', '2013-08-19 18:14:51', NULL, NULL, NULL),
(155, NULL, 'Nicolas', 'Pelletier', NULL, NULL, '2013-08-19 18:14:51', '2013-08-19 18:14:51', NULL, NULL, NULL),
(156, NULL, 'Nicole', 'Levert', NULL, NULL, '2013-08-19 18:14:51', '2013-08-19 18:14:51', NULL, NULL, NULL),
(157, NULL, 'Normand', 'Spencer', NULL, NULL, '2013-08-19 18:14:51', '2013-08-19 18:14:51', NULL, NULL, NULL),
(158, NULL, 'Odile', 'Giraud', NULL, NULL, '2013-08-19 18:14:51', '2013-08-19 18:14:51', NULL, NULL, NULL),
(159, NULL, 'Olivier', 'Pomares', NULL, NULL, '2013-08-19 18:14:51', '2013-08-19 18:14:51', NULL, NULL, NULL),
(160, NULL, 'Yvon', 'Chouin (Le Tube)', NULL, NULL, '2013-08-19 18:14:51', '2013-08-19 18:14:51', NULL, NULL, NULL),
(161, NULL, 'Pascal', 'Serex', NULL, NULL, '2013-08-19 18:14:51', '2013-08-19 18:14:51', NULL, NULL, NULL),
(162, NULL, 'Patricia', 'Lemaire', NULL, NULL, '2013-08-19 18:14:51', '2013-08-19 18:14:51', NULL, NULL, NULL),
(163, NULL, 'Patrick', 'Buies', NULL, NULL, '2013-08-19 18:14:51', '2013-08-19 18:14:51', NULL, NULL, NULL),
(164, NULL, 'Patrick', 'Naud', NULL, NULL, '2013-08-19 18:14:51', '2013-08-19 18:14:51', NULL, NULL, NULL),
(165, NULL, 'Patrick', 'Piquette', NULL, NULL, '2013-08-19 18:14:51', '2013-08-19 18:14:51', NULL, NULL, NULL),
(166, NULL, 'Pauline', 'Lagacé', NULL, NULL, '2013-08-19 18:14:51', '2013-08-19 18:14:51', NULL, NULL, NULL),
(167, NULL, 'Phil', 'Comeau', NULL, NULL, '2013-08-19 18:14:51', '2013-08-19 18:14:51', NULL, NULL, NULL),
(168, NULL, 'Philip', 'Longpré', NULL, NULL, '2013-08-19 18:14:51', '2013-08-19 18:14:51', NULL, NULL, NULL),
(169, NULL, 'Philippe', 'Bouchard', NULL, NULL, '2013-08-19 18:14:51', '2013-08-19 18:14:51', NULL, NULL, NULL),
(170, NULL, 'Philippe', 'Laflamme', NULL, NULL, '2013-08-19 18:14:51', '2013-08-19 18:14:51', NULL, NULL, NULL),
(171, NULL, 'Philippe-André', 'Tessier', NULL, NULL, '2013-08-19 18:14:51', '2013-08-19 18:14:51', NULL, NULL, NULL),
(172, NULL, 'Pierre', 'Gouin', NULL, NULL, '2013-08-19 18:14:51', '2013-08-19 18:14:51', NULL, NULL, NULL),
(173, NULL, 'Pierre', 'Thibault', NULL, NULL, '2013-08-19 18:14:51', '2013-08-19 18:14:51', NULL, NULL, NULL),
(174, NULL, 'Pierre ', 'Malo', NULL, NULL, '2013-08-19 18:14:51', '2013-08-19 18:14:51', NULL, NULL, NULL),
(175, NULL, 'Pierre-Luc', 'Saint-Hilaire', NULL, NULL, '2013-08-19 18:14:51', '2013-08-19 18:14:51', NULL, NULL, NULL),
(176, NULL, 'Raoul', 'Graf', NULL, NULL, '2013-08-19 18:14:51', '2013-08-19 18:14:51', NULL, NULL, NULL),
(177, NULL, 'Réjean', 'Leroux', NULL, NULL, '2013-08-19 18:14:51', '2013-08-19 18:14:51', NULL, NULL, NULL),
(178, NULL, 'Ricardo', 'Marcos', NULL, NULL, '2013-08-19 18:14:51', '2013-08-19 18:14:51', NULL, NULL, NULL),
(179, NULL, 'Robert', 'Laperrière', NULL, NULL, '2013-08-19 18:14:51', '2013-08-19 18:14:51', NULL, NULL, NULL),
(180, NULL, 'Rocca', 'Stea', NULL, NULL, '2013-08-19 18:14:51', '2013-08-19 18:14:51', NULL, NULL, NULL),
(181, NULL, 'Rui', 'Costa', NULL, NULL, '2013-08-19 18:14:51', '2013-08-19 18:14:51', NULL, NULL, NULL),
(182, NULL, 'Sandrine', 'Leroy', NULL, NULL, '2013-08-19 18:14:51', '2013-08-19 18:14:51', NULL, NULL, NULL),
(183, NULL, 'Sébastien', 'Olmicia', NULL, NULL, '2013-08-19 18:14:51', '2013-08-19 18:14:51', NULL, NULL, NULL),
(184, NULL, 'Selim', 'Soussa', NULL, NULL, '2013-08-19 18:14:51', '2013-08-19 18:14:51', NULL, NULL, NULL),
(185, NULL, 'Serge', 'Bourque', NULL, NULL, '2013-08-19 18:14:51', '2013-08-19 18:14:51', NULL, NULL, NULL),
(186, NULL, 'Serge', 'Lapierre', NULL, NULL, '2013-08-19 18:14:51', '2013-08-19 18:14:51', NULL, NULL, NULL),
(187, NULL, 'Serge', 'Malo', NULL, NULL, '2013-08-19 18:14:51', '2013-08-19 18:14:51', NULL, NULL, NULL),
(188, NULL, 'Simon', 'Trépanier', NULL, NULL, '2013-08-19 18:14:52', '2013-08-19 18:14:52', NULL, NULL, NULL),
(189, NULL, 'Simon ', 'Octeau', NULL, NULL, '2013-08-19 18:14:52', '2013-08-19 18:14:52', NULL, NULL, NULL),
(190, NULL, 'Simon-Pierre', 'Ratté', NULL, NULL, '2013-08-19 18:14:52', '2013-08-19 18:14:52', NULL, NULL, NULL),
(191, NULL, 'Sophie', 'Nguyen', NULL, NULL, '2013-08-19 18:14:52', '2013-08-19 18:14:52', NULL, NULL, NULL),
(192, NULL, 'Stéphane', 'Chouinard', NULL, NULL, '2013-08-19 18:14:52', '2013-08-19 18:14:52', NULL, NULL, NULL),
(193, NULL, 'Stéphane', 'De Celles', NULL, NULL, '2013-08-19 18:14:52', '2013-08-19 18:14:52', NULL, NULL, NULL),
(194, NULL, 'Stéphanie', 'Couture', NULL, NULL, '2013-08-19 18:14:52', '2013-08-19 18:14:52', NULL, NULL, NULL),
(195, NULL, 'Steve', 'Molnar', NULL, NULL, '2013-08-19 18:14:52', '2013-08-19 18:14:52', NULL, NULL, NULL),
(196, NULL, 'Susan ', 'Hanke', NULL, NULL, '2013-08-19 18:14:52', '2013-08-19 18:14:52', NULL, NULL, NULL),
(197, NULL, 'Sylvianne', 'Forget', NULL, NULL, '2013-08-19 18:14:52', '2013-08-19 18:14:52', NULL, NULL, NULL),
(198, NULL, 'Sylvie', 'Paquette', NULL, NULL, '2013-08-19 18:14:52', '2013-08-19 18:14:52', NULL, NULL, NULL),
(199, NULL, 'Tays', 'Spencer', NULL, NULL, '2013-08-19 18:14:52', '2013-08-19 18:14:52', NULL, NULL, NULL),
(200, NULL, 'Valérie', 'Dallaire', NULL, NULL, '2013-08-19 18:14:52', '2013-08-19 18:14:52', NULL, NULL, NULL),
(201, NULL, 'Véronique', 'Lagassé', NULL, NULL, '2013-08-19 18:14:52', '2013-08-19 18:14:52', NULL, NULL, NULL),
(202, NULL, 'Véronique', 'Laurin', NULL, NULL, '2013-08-19 18:14:52', '2013-08-19 18:14:52', NULL, NULL, NULL),
(203, NULL, 'Vincent', 'Sicotte', NULL, NULL, '2013-08-19 18:14:52', '2013-08-19 18:14:52', NULL, NULL, NULL),
(204, NULL, 'Walter', 'Serry', NULL, NULL, '2013-08-19 18:14:52', '2013-08-19 18:14:52', NULL, NULL, NULL),
(205, NULL, 'Yan', 'Avery', NULL, NULL, '2013-08-19 18:14:52', '2013-08-19 18:14:52', NULL, NULL, NULL),
(206, NULL, 'Yolande', 'Richard', NULL, NULL, '2013-08-19 18:14:52', '2013-08-19 18:14:52', NULL, NULL, NULL),
(207, NULL, 'Youcef', 'Bouayad', NULL, NULL, '2013-08-19 18:14:52', '2013-08-19 18:14:52', NULL, NULL, NULL),
(208, NULL, 'Yvan', 'Fallu', NULL, NULL, '2013-08-19 18:14:52', '2013-08-19 18:14:52', NULL, NULL, NULL),
(209, NULL, '', ' ', NULL, NULL, '2013-08-19 18:14:52', '2013-08-19 18:14:52', NULL, NULL, NULL),
(210, NULL, 'Lise', 'Pellerin', 'f', NULL, '2013-08-20 09:57:19', '2013-08-20 09:57:19', NULL, NULL, NULL),
(211, NULL, 'Test-2013-M08-21-fidel', 'Test-2013-M08-21-fidel', 'm', NULL, '2013-08-21 11:55:43', '2013-08-21 11:55:43', NULL, NULL, NULL),
(212, NULL, 'Stéphane', 'Tremblay', 'm', '1970-10-27 00:00:00', '2013-08-26 15:21:13', '2013-08-26 15:52:15', NULL, NULL, NULL),
(213, NULL, 'Test', 'Test', 'm', NULL, '2013-08-26 18:02:06', '2013-09-04 15:11:41', NULL, 6, NULL),
(214, NULL, 'Yves', 'Amaranian', 'm', NULL, '2013-08-29 13:38:33', '2013-08-29 13:38:33', NULL, NULL, NULL),
(215, NULL, 'Test', 'Test', 'm', NULL, '2013-08-30 12:53:48', '2013-08-30 12:53:48', NULL, 3, NULL),
(216, NULL, 'Peter', 'Romaniuk', 'm', NULL, '2013-09-04 09:25:49', '2013-09-04 09:25:49', NULL, 4, 2),
(217, NULL, 'Pierre', 'Martel', 'm', NULL, '2013-09-04 13:58:34', '2013-09-04 13:58:34', NULL, 5, NULL),
(218, NULL, 'Férence', 'Farkas', 'm', NULL, '2013-09-17 11:45:35', '2013-09-17 12:16:46', NULL, 9, NULL),
(220, NULL, 'Daniel', 'Ouellette', 'm', NULL, '2013-09-19 09:45:44', '2013-09-19 09:45:44', NULL, 11, NULL),
(221, NULL, 'Robert', 'Jordan', 'm', '1959-07-01 00:00:00', '2013-09-23 14:16:37', '2013-09-23 14:16:37', NULL, 12, 3),
(222, NULL, 'Mathew', 'Rilley', 'm', '1981-05-09 00:00:00', '2013-09-23 14:19:31', '2013-09-23 14:21:33', NULL, 13, NULL),
(223, NULL, 'Stéphane', 'Tremblay', 'm', '1970-10-27 00:00:00', '2013-09-23 14:27:44', '2013-09-23 14:27:44', NULL, 14, NULL),
(224, NULL, 'Alexandre', 'Séguin-Tremblay', 'm', '1988-08-04 00:00:00', '2013-10-02 11:38:57', '2013-10-02 11:38:57', NULL, 15, 4),
(225, NULL, 'Christian', 'Prince-Boies', 'm', '1976-04-06 00:00:00', '2013-10-02 11:48:50', '2013-10-02 11:48:50', NULL, 16, 5),
(226, NULL, 'Denis', 'Gauthier', 'm', '1961-08-27 00:00:00', '2013-10-02 12:11:25', '2013-10-02 12:11:25', NULL, 17, 6);


INSERT INTO `persons_groups` (`person_id`, `group_id`) VALUES
(1, 1),
(1, 2),
(2, 1),
(3, 1),
(4, 1),
(5, 1),
(6, 1),
(7, 1),
(8, 1),
(9, 1),
(10, 1),
(11, 1),
(12, 1),
(13, 1),
(14, 1),
(15, 1),
(16, 1),
(17, 1),
(18, 1),
(19, 1),
(20, 1),
(21, 1),
(22, 1),
(23, 1),
(24, 2),
(25, 2),
(26, 2),
(27, 2),
(28, 2),
(29, 2),
(30, 2),
(31, 2),
(32, 2),
(33, 2),
(34, 2),
(35, 2),
(36, 2),
(37, 2),
(38, 2),
(39, 2),
(40, 2),
(41, 2),
(42, 2),
(43, 2),
(44, 2),
(45, 2),
(46, 2),
(47, 2),
(48, 2),
(49, 2),
(50, 2),
(51, 2),
(52, 2),
(53, 2),
(54, 2),
(55, 2),
(56, 2),
(57, 2),
(58, 2),
(59, 2),
(60, 2),
(61, 2),
(62, 2),
(63, 2),
(64, 2),
(65, 2),
(66, 2),
(67, 2),
(68, 2),
(69, 2),
(70, 2),
(71, 2),
(72, 2),
(73, 2),
(74, 2),
(75, 2),
(76, 2),
(77, 2),
(78, 2),
(79, 2),
(80, 2),
(81, 2),
(82, 2),
(83, 2),
(84, 2),
(85, 2),
(86, 2),
(87, 2),
(88, 2),
(89, 2),
(90, 2),
(91, 2),
(92, 2),
(93, 2),
(94, 2),
(95, 2),
(96, 2),
(97, 2),
(98, 2),
(99, 2),
(100, 2),
(101, 2),
(102, 2),
(103, 2),
(104, 2),
(105, 2),
(106, 2),
(107, 2),
(108, 2),
(109, 2),
(110, 2),
(111, 2),
(112, 2),
(113, 2),
(114, 2),
(115, 2),
(116, 2),
(117, 2),
(118, 2),
(119, 2),
(120, 2),
(121, 2),
(122, 2),
(123, 2),
(124, 2),
(125, 2),
(126, 2),
(127, 2),
(128, 2),
(129, 2),
(130, 2),
(131, 2),
(132, 2),
(133, 2),
(134, 2),
(135, 2),
(136, 2),
(137, 2),
(138, 2),
(139, 2),
(140, 2),
(141, 2),
(142, 2),
(143, 2),
(144, 2),
(145, 2),
(146, 2),
(147, 2),
(148, 2),
(149, 2),
(150, 2),
(151, 2),
(152, 2),
(153, 2),
(154, 2),
(155, 2),
(156, 2),
(157, 2),
(158, 2),
(159, 2),
(160, 2),
(161, 2),
(162, 2),
(163, 2),
(164, 2),
(165, 2),
(166, 2),
(167, 2),
(168, 2),
(169, 2),
(170, 2),
(171, 2),
(172, 2),
(173, 2),
(174, 2),
(175, 2),
(176, 2),
(177, 2),
(178, 2),
(179, 2),
(180, 2),
(181, 2),
(182, 2),
(183, 2),
(184, 2),
(185, 2),
(186, 2),
(187, 2),
(188, 2),
(189, 2),
(190, 2),
(191, 2),
(192, 2),
(193, 2),
(194, 2),
(195, 2),
(196, 2),
(197, 2),
(198, 2),
(199, 2),
(200, 2),
(201, 2),
(202, 2),
(203, 2),
(204, 2),
(205, 2),
(206, 2),
(207, 2),
(208, 2),
(209, 2),
(210, 2),
(211, 3),
(212, 1),
(213, 3),
(214, 4),
(218, 4),
(220, 4),
(221, 1),
(222, 1),
(223, 1),
(224, 1),
(225, 1),
(226, 1);

INSERT INTO `person_addresses` (`person_id`, `company_id`) VALUES
(1, 2),
(2, 3),
(3, 4),
(4, 5),
(5, 6),
(6, 7),
(7, 8),
(8, 9),
(9, 10),
(10, 11),
(11, 12),
(12, 13),
(13, 14),
(14, 15),
(15, 16),
(16, 17),
(17, 18),
(18, 19),
(19, 20),
(20, 21),
(21, 22),
(22, 23),
(23, 24),
(24, 25),
(25, 26),
(26, 27),
(27, 28),
(28, 29),
(29, 30),
(30, 31),
(31, 32),
(32, 33),
(33, 34),
(34, 35),
(35, 36),
(36, 37),
(37, 38),
(38, 39),
(39, 40),
(40, 41),
(41, 42),
(42, 43),
(43, 44),
(44, 45),
(45, 46),
(46, 47),
(47, 48),
(48, 49),
(49, 50),
(50, 51),
(51, 52),
(52, 53),
(53, 54),
(54, 55),
(55, 56),
(56, 57),
(57, 58),
(58, 59),
(59, 60),
(60, 61),
(61, 62),
(62, 63),
(63, 64),
(64, 65),
(65, 66),
(66, 67),
(67, 68),
(68, 69),
(69, 70),
(70, 71),
(71, 72),
(72, 73),
(73, 74),
(74, 75),
(75, 76),
(76, 77),
(77, 78),
(78, 79),
(79, 80),
(80, 81),
(81, 82),
(82, 83),
(83, 84),
(84, 85),
(85, 86),
(86, 87),
(87, 88),
(88, 89),
(89, 90),
(90, 91),
(91, 92),
(92, 93),
(93, 94),
(94, 95),
(95, 96),
(96, 97),
(97, 98),
(98, 99),
(99, 100),
(100, 101),
(101, 102),
(102, 103),
(103, 104),
(104, 105),
(105, 106),
(106, 107),
(107, 108),
(108, 109),
(109, 110),
(110, 111),
(111, 112),
(112, 113),
(113, 114),
(114, 115),
(115, 116),
(116, 117),
(117, 118),
(118, 119),
(119, 120),
(120, 121),
(121, 122),
(122, 123),
(123, 124),
(124, 125),
(125, 126),
(126, 127),
(127, 128),
(128, 129),
(129, 130),
(130, 131),
(131, 132),
(132, 133),
(133, 134),
(134, 135),
(136, 136),
(137, 137),
(138, 138),
(139, 139),
(140, 140),
(141, 141),
(142, 142),
(143, 143),
(144, 144),
(145, 145),
(146, 146),
(147, 147),
(148, 148),
(149, 149),
(150, 150),
(151, 151),
(152, 152),
(153, 153),
(154, 154),
(155, 155),
(156, 156),
(157, 157),
(158, 158),
(159, 159),
(160, 160),
(161, 161),
(162, 162),
(163, 163),
(164, 164),
(165, 165),
(166, 166),
(167, 167),
(168, 168),
(169, 169),
(170, 170),
(171, 171),
(172, 172),
(173, 173),
(174, 174),
(175, 175),
(176, 176),
(177, 177),
(178, 178),
(179, 179),
(180, 180),
(181, 181),
(182, 182),
(183, 183),
(184, 184),
(185, 185),
(186, 186),
(187, 187),
(188, 188),
(189, 189),
(190, 190),
(191, 191),
(192, 192),
(193, 193),
(194, 194),
(195, 195),
(196, 196),
(197, 197),
(198, 198),
(199, 199),
(200, 200),
(201, 201),
(202, 202),
(203, 203),
(204, 204),
(205, 205),
(206, 206),
(207, 207),
(208, 208),
(210, 357),
(212, 358),
(221, 361),
(222, 362),
(223, 363),
(224, 364),
(225, 365);

INSERT INTO `person_association` (`person_id`, `association_id`) VALUES
(22, 1);

INSERT INTO `person_certification` (`person_id`, `certification_id`) VALUES
(22, 1);

INSERT INTO `person_education` (`person_id`, `education_id`) VALUES
(22, 4),
(212, 2),
(213, 3);


Update `emails` set `person_id`=1 where `id`=1;
Update `emails` set `person_id`=1 where `id`=2;
Update `emails` set `person_id`=2 where `id`=3;
Update `emails` set `person_id`=3 where `id`=4;
Update `emails` set `person_id`=4 where `id`=5;
Update `emails` set `person_id`=6 where `id`=6;
Update `emails` set `person_id`=7 where `id`=7;
Update `emails` set `person_id`=7 where `id`=8;
Update `emails` set `person_id`=8 where `id`=9;
Update `emails` set `person_id`=9 where `id`=10;
Update `emails` set `person_id`=10 where `id`=11;
Update `emails` set `person_id`=11 where `id`=12;
Update `emails` set `person_id`=12 where `id`=13;
Update `emails` set `person_id`=13 where `id`=14;
Update `emails` set `person_id`=13 where `id`=15;
Update `emails` set `person_id`=14 where `id`=16;
Update `emails` set `person_id`=15 where `id`=17;
Update `emails` set `person_id`=16 where `id`=18;
Update `emails` set `person_id`=16 where `id`=19;
Update `emails` set `person_id`=17 where `id`=20;
Update `emails` set `person_id`=18 where `id`=21;
Update `emails` set `person_id`=18 where `id`=22;
Update `emails` set `person_id`=19 where `id`=23;
Update `emails` set `person_id`=20 where `id`=24;
Update `emails` set `person_id`=21 where `id`=25;
Update `emails` set `person_id`=22 where `id`=26;
Update `emails` set `person_id`=24 where `id`=27;
Update `emails` set `person_id`=25 where `id`=28;
Update `emails` set `person_id`=26 where `id`=29;
Update `emails` set `person_id`=27 where `id`=30;
Update `emails` set `person_id`=29 where `id`=31;
Update `emails` set `person_id`=30 where `id`=32;
Update `emails` set `person_id`=31 where `id`=33;
Update `emails` set `person_id`=32 where `id`=34;
Update `emails` set `person_id`=33 where `id`=35;
Update `emails` set `person_id`=34 where `id`=36;
Update `emails` set `person_id`=35 where `id`=37;
Update `emails` set `person_id`=37 where `id`=38;
Update `emails` set `person_id`=38 where `id`=39;
Update `emails` set `person_id`=39 where `id`=40;
Update `emails` set `person_id`=40 where `id`=41;
Update `emails` set `person_id`=41 where `id`=42;
Update `emails` set `person_id`=43 where `id`=43;
Update `emails` set `person_id`=44 where `id`=44;
Update `emails` set `person_id`=45 where `id`=45;
Update `emails` set `person_id`=46 where `id`=46;
Update `emails` set `person_id`=47 where `id`=47;
Update `emails` set `person_id`=49 where `id`=48;
Update `emails` set `person_id`=51 where `id`=49;
Update `emails` set `person_id`=52 where `id`=50;
Update `emails` set `person_id`=53 where `id`=51;
Update `emails` set `person_id`=54 where `id`=52;
Update `emails` set `person_id`=55 where `id`=53;
Update `emails` set `person_id`=56 where `id`=54;
Update `emails` set `person_id`=58 where `id`=55;
Update `emails` set `person_id`=59 where `id`=56;
Update `emails` set `person_id`=60 where `id`=57;
Update `emails` set `person_id`=62 where `id`=58;
Update `emails` set `person_id`=63 where `id`=59;
Update `emails` set `person_id`=64 where `id`=60;
Update `emails` set `person_id`=65 where `id`=61;
Update `emails` set `person_id`=66 where `id`=62;
Update `emails` set `person_id`=67 where `id`=63;
Update `emails` set `person_id`=68 where `id`=64;
Update `emails` set `person_id`=70 where `id`=65;
Update `emails` set `person_id`=72 where `id`=66;
Update `emails` set `person_id`=73 where `id`=67;
Update `emails` set `person_id`=74 where `id`=68;
Update `emails` set `person_id`=75 where `id`=69;
Update `emails` set `person_id`=76 where `id`=70;
Update `emails` set `person_id`=78 where `id`=71;
Update `emails` set `person_id`=80 where `id`=72;
Update `emails` set `person_id`=81 where `id`=73;
Update `emails` set `person_id`=82 where `id`=74;
Update `emails` set `person_id`=83 where `id`=75;
Update `emails` set `person_id`=84 where `id`=76;
Update `emails` set `person_id`=85 where `id`=77;
Update `emails` set `person_id`=86 where `id`=78;
Update `emails` set `person_id`=87 where `id`=79;
Update `emails` set `person_id`=88 where `id`=80;
Update `emails` set `person_id`=89 where `id`=81;
Update `emails` set `person_id`=90 where `id`=82;
Update `emails` set `person_id`=91 where `id`=83;
Update `emails` set `person_id`=92 where `id`=84;
Update `emails` set `person_id`=93 where `id`=85;
Update `emails` set `person_id`=94 where `id`=86;
Update `emails` set `person_id`=95 where `id`=87;
Update `emails` set `person_id`=96 where `id`=88;
Update `emails` set `person_id`=97 where `id`=89;
Update `emails` set `person_id`=98 where `id`=90;
Update `emails` set `person_id`=99 where `id`=91;
Update `emails` set `person_id`=100 where `id`=92;
Update `emails` set `person_id`=101 where `id`=93;
Update `emails` set `person_id`=102 where `id`=94;
Update `emails` set `person_id`=103 where `id`=95;
Update `emails` set `person_id`=104 where `id`=96;
Update `emails` set `person_id`=105 where `id`=97;
Update `emails` set `person_id`=106 where `id`=98;
Update `emails` set `person_id`=107 where `id`=99;
Update `emails` set `person_id`=109 where `id`=100;
Update `emails` set `person_id`=110 where `id`=101;
Update `emails` set `person_id`=111 where `id`=102;
Update `emails` set `person_id`=112 where `id`=103;
Update `emails` set `person_id`=113 where `id`=104;
Update `emails` set `person_id`=114 where `id`=105;
Update `emails` set `person_id`=115 where `id`=106;
Update `emails` set `person_id`=116 where `id`=107;
Update `emails` set `person_id`=117 where `id`=108;
Update `emails` set `person_id`=118 where `id`=109;
Update `emails` set `person_id`=119 where `id`=110;
Update `emails` set `person_id`=120 where `id`=111;
Update `emails` set `person_id`=121 where `id`=112;
Update `emails` set `person_id`=122 where `id`=113;
Update `emails` set `person_id`=123 where `id`=114;
Update `emails` set `person_id`=124 where `id`=115;
Update `emails` set `person_id`=127 where `id`=116;
Update `emails` set `person_id`=128 where `id`=117;
Update `emails` set `person_id`=129 where `id`=118;
Update `emails` set `person_id`=130 where `id`=119;
Update `emails` set `person_id`=131 where `id`=120;
Update `emails` set `person_id`=132 where `id`=121;
Update `emails` set `person_id`=134 where `id`=122;
Update `emails` set `person_id`=135 where `id`=123;
Update `emails` set `person_id`=136 where `id`=124;
Update `emails` set `person_id`=137 where `id`=125;
Update `emails` set `person_id`=138 where `id`=126;
Update `emails` set `person_id`=139 where `id`=127;
Update `emails` set `person_id`=140 where `id`=128;
Update `emails` set `person_id`=141 where `id`=129;
Update `emails` set `person_id`=142 where `id`=130;
Update `emails` set `person_id`=143 where `id`=131;
Update `emails` set `person_id`=144 where `id`=132;
Update `emails` set `person_id`=145 where `id`=133;
Update `emails` set `person_id`=146 where `id`=134;
Update `emails` set `person_id`=147 where `id`=135;
Update `emails` set `person_id`=148 where `id`=136;
Update `emails` set `person_id`=150 where `id`=137;
Update `emails` set `person_id`=151 where `id`=138;
Update `emails` set `person_id`=152 where `id`=139;
Update `emails` set `person_id`=153 where `id`=140;
Update `emails` set `person_id`=154 where `id`=141;
Update `emails` set `person_id`=155 where `id`=142;
Update `emails` set `person_id`=156 where `id`=143;
Update `emails` set `person_id`=158 where `id`=144;
Update `emails` set `person_id`=159 where `id`=145;
Update `emails` set `person_id`=160 where `id`=146;
Update `emails` set `person_id`=161 where `id`=147;
Update `emails` set `person_id`=162 where `id`=148;
Update `emails` set `person_id`=164 where `id`=149;
Update `emails` set `person_id`=165 where `id`=150;
Update `emails` set `person_id`=166 where `id`=151;
Update `emails` set `person_id`=167 where `id`=152;
Update `emails` set `person_id`=168 where `id`=153;
Update `emails` set `person_id`=169 where `id`=154;
Update `emails` set `person_id`=170 where `id`=155;
Update `emails` set `person_id`=171 where `id`=156;
Update `emails` set `person_id`=172 where `id`=157;
Update `emails` set `person_id`=173 where `id`=158;
Update `emails` set `person_id`=174 where `id`=159;
Update `emails` set `person_id`=175 where `id`=160;
Update `emails` set `person_id`=176 where `id`=161;
Update `emails` set `person_id`=178 where `id`=162;
Update `emails` set `person_id`=179 where `id`=163;
Update `emails` set `person_id`=181 where `id`=164;
Update `emails` set `person_id`=182 where `id`=165;
Update `emails` set `person_id`=183 where `id`=166;
Update `emails` set `person_id`=184 where `id`=167;
Update `emails` set `person_id`=185 where `id`=168;
Update `emails` set `person_id`=186 where `id`=169;
Update `emails` set `person_id`=187 where `id`=170;
Update `emails` set `person_id`=188 where `id`=171;
Update `emails` set `person_id`=189 where `id`=172;
Update `emails` set `person_id`=190 where `id`=173;
Update `emails` set `person_id`=191 where `id`=174;
Update `emails` set `person_id`=192 where `id`=175;
Update `emails` set `person_id`=193 where `id`=176;
Update `emails` set `person_id`=194 where `id`=177;
Update `emails` set `person_id`=195 where `id`=178;
Update `emails` set `person_id`=196 where `id`=179;
Update `emails` set `person_id`=197 where `id`=180;
Update `emails` set `person_id`=199 where `id`=181;
Update `emails` set `person_id`=200 where `id`=182;
Update `emails` set `person_id`=201 where `id`=183;
Update `emails` set `person_id`=202 where `id`=184;
Update `emails` set `person_id`=203 where `id`=185;
Update `emails` set `person_id`=205 where `id`=186;
Update `emails` set `person_id`=207 where `id`=187;
Update `emails` set `person_id`=208 where `id`=188;
Update `emails` set `person_id`=212 where `id`=189;
Update `emails` set `person_id`=214 where `id`=190;
Update `emails` set `person_id`=220 where `id`=191;
Update `emails` set `person_id`=221 where `id`=192;
Update `emails` set `person_id`=222 where `id`=193;
Update `emails` set `person_id`=223 where `id`=194;
Update `emails` set `person_id`=224 where `id`=195;
Update `emails` set `person_id`=225 where `id`=196;
Update `emails` set `person_id`=226 where `id`=197;

INSERT INTO `person_lang_experience` (`person_id`, `lang_experience_id`) VALUES
(22, 6),
(212, 4),
(212, 5),
(214, 7),
(224, 8),
(225, 9);


INSERT INTO `person_military_history` (`person_id`, `military_history_id`) VALUES
(22, 1);

INSERT INTO `person_phones` (`person_id`, `phone_id`) VALUES
(1, 3),
(1, 4),
(1, 5),
(2, 6),
(2, 7),
(3, 8),
(3, 9),
(3, 10),
(4, 11),
(4, 12),
(4, 13),
(4, 14),
(5, 15),
(5, 16),
(5, 17),
(6, 18),
(6, 19),
(6, 20),
(7, 21),
(7, 22),
(8, 23),
(8, 24),
(9, 25),
(9, 26),
(9, 27),
(10, 28),
(10, 29),
(11, 30),
(11, 31),
(11, 32),
(12, 33),
(12, 34),
(12, 35),
(13, 36),
(13, 37),
(13, 38),
(13, 39),
(14, 40),
(14, 41),
(14, 42),
(15, 43),
(15, 44),
(16, 45),
(16, 46),
(16, 47),
(16, 48),
(17, 49),
(17, 50),
(17, 51),
(18, 52),
(18, 53),
(18, 54),
(19, 55),
(19, 56),
(20, 57),
(20, 58),
(21, 59),
(21, 60),
(22, 61),
(22, 62),
(23, 63),
(23, 64),
(24, 65),
(24, 66),
(25, 67),
(26, 68),
(26, 69),
(27, 70),
(28, 71),
(29, 72),
(30, 73),
(30, 74),
(31, 75),
(32, 76),
(33, 77),
(34, 78),
(35, 79),
(36, 80),
(37, 81),
(37, 82),
(38, 83),
(39, 84),
(40, 85),
(41, 86),
(42, 87),
(43, 88),
(45, 89),
(46, 90),
(46, 91),
(47, 92),
(47, 93),
(48, 94),
(49, 95),
(50, 96),
(50, 97),
(51, 98),
(52, 99),
(53, 100),
(54, 101),
(55, 102),
(55, 103),
(56, 104),
(57, 105),
(58, 106),
(59, 107),
(60, 108),
(61, 109),
(61, 110),
(62, 111),
(63, 112),
(63, 113),
(64, 114),
(65, 115),
(66, 116),
(67, 117),
(68, 118),
(70, 119),
(71, 120),
(72, 121),
(73, 122),
(74, 123),
(75, 124),
(75, 125),
(76, 126),
(76, 127),
(77, 128),
(78, 129),
(78, 130),
(79, 131),
(80, 132),
(81, 133),
(82, 134),
(83, 135),
(84, 136),
(84, 137),
(85, 138),
(86, 139),
(87, 140),
(87, 141),
(88, 142),
(89, 143),
(90, 144),
(91, 145),
(91, 146),
(92, 147),
(92, 148),
(93, 149),
(94, 150),
(94, 151),
(95, 152),
(96, 153),
(97, 154),
(98, 155),
(98, 156),
(99, 157),
(100, 158),
(101, 159),
(101, 160),
(102, 161),
(102, 162),
(103, 163),
(104, 164),
(105, 165),
(106, 166),
(107, 167),
(107, 168),
(108, 169),
(109, 170),
(110, 171),
(111, 172),
(112, 173),
(113, 174),
(114, 175),
(115, 176),
(116, 177),
(117, 178),
(118, 179),
(119, 180),
(120, 181),
(121, 182),
(121, 183),
(122, 184),
(122, 185),
(123, 186),
(124, 187),
(124, 188),
(125, 189),
(126, 190),
(126, 191),
(127, 192),
(128, 193),
(128, 194),
(129, 195),
(129, 196),
(130, 197),
(131, 198),
(131, 199),
(131, 200),
(132, 201),
(133, 202),
(134, 203),
(135, 204),
(135, 205),
(136, 206),
(137, 207),
(137, 208),
(138, 209),
(138, 210),
(139, 211),
(140, 212),
(141, 213),
(142, 214),
(142, 215),
(143, 216),
(144, 217),
(146, 218),
(147, 219),
(148, 220),
(148, 221),
(149, 222),
(150, 223),
(150, 224),
(151, 225),
(152, 226),
(153, 227),
(154, 228),
(155, 229),
(155, 230),
(157, 231),
(157, 232),
(158, 233),
(158, 234),
(159, 235),
(159, 236),
(160, 237),
(161, 238),
(162, 239),
(164, 240),
(165, 241),
(165, 242),
(166, 243),
(166, 244),
(167, 245),
(167, 246),
(168, 247),
(168, 248),
(169, 249),
(170, 250),
(171, 251),
(172, 252),
(172, 253),
(173, 254),
(173, 255),
(174, 256),
(175, 257),
(176, 258),
(177, 259),
(178, 260),
(179, 261),
(180, 262),
(181, 263),
(181, 264),
(182, 265),
(183, 266),
(184, 267),
(185, 268),
(186, 269),
(187, 270),
(187, 271),
(188, 272),
(189, 273),
(190, 274),
(191, 275),
(192, 276),
(193, 277),
(194, 278),
(195, 279),
(196, 280),
(197, 281),
(198, 282),
(199, 283),
(200, 284),
(201, 285),
(201, 286),
(202, 287),
(202, 288),
(203, 289),
(204, 290),
(205, 291),
(206, 292),
(208, 293),
(210, 407),
(212, 408),
(212, 409),
(214, 412),
(216, 413),
(217, 418),
(218, 419),
(220, 421),
(221, 422),
(221, 423),
(222, 424),
(223, 425),
(223, 426),
(224, 427),
(224, 428),
(225, 429),
(226, 430),
(226, 431);

INSERT INTO `person_social_medias` (`person_id`, `social_media_id`) VALUES
(22, 1);

INSERT INTO `person_work_experience` (`person_id`, `work_experience_id`) VALUES
(22, 6),
(212, 1),
(212, 2),
(212, 3),
(212, 4),
(212, 5),
(225, 7);

INSERT INTO `skills` (`id`, `person_id`, `sector_id`, `speciality_id`, `skill_category_id`, `proficiency`, `experience`, `lastUsed`, `interest`) VALUES
(1, 1, 5, 56, 4, 'Beginner', 'Less than a year', 'Never', 'High'),
(2, 22, 5, 57, 16, 'Beginner', '1-3 years', '1-3 years ago', 'Low'),
(3, 1, 1, 1, 3, 'Beginner', 'Less than a year', 'Current', 'High'),
(4, 215, 2, 26, 17, 'None', 'None', 'Never', 'None'),
(5, 213, 1, 2, 18, 'None', 'None', 'Never', 'None'),
(6, 1, 2, 25, 19, 'None', 'None', 'Never', 'None');


INSERT INTO `common_companies` (`id`, `company_type_id`, `sector_id`,  `company_size`, `name`, `description`, `created_at`, `updated_at`, `rbq`, `creation_date`, `company_type`) VALUES
(1, 2, 5, NULL, 'Groupe SP Reno Urbaine', NULL, '2013-08-19 18:14:51', '2013-09-24 14:13:34', '8305-4908-22', '2002-11-01 00:00:00', 'accountProfile'),
(2, 2, NULL, NULL, 'Banque Nationale', NULL, '2013-08-19 18:14:52', '2013-09-04 14:19:30', NULL, NULL, 'company'),
(3, NULL, NULL, NULL, 'Société de l''assurance automobile du Québec', NULL, '2013-08-19 18:14:52', '2013-08-19 18:14:52', NULL, NULL, 'company'),
(4, NULL, NULL, NULL, 'Société de l''assurance automobile du Québec', NULL, '2013-08-19 18:14:52', '2013-08-19 18:14:52', NULL, NULL, 'company'),
(5, NULL, NULL, NULL, 'Société de l''assurance automobile du Québec', NULL, '2013-08-19 18:14:52', '2013-08-19 18:14:52', NULL, NULL, 'company'),
(6, NULL, NULL, NULL, 'Fondation de l''entrepreneurship', NULL, '2013-08-19 18:14:52', '2013-08-19 18:14:52', NULL, NULL, 'company'),
(7, NULL, NULL, NULL, 'Ministère de la Justice', NULL, '2013-08-19 18:14:52', '2013-08-19 18:14:52', NULL, NULL, 'company'),
(8, NULL, NULL, NULL, 'Agence du Revenu du Canada', NULL, '2013-08-19 18:14:52', '2013-08-19 18:14:52', NULL, NULL, 'company'),
(9, NULL, NULL, NULL, 'Revenu Canada', NULL, '2013-08-19 18:14:52', '2013-08-19 18:14:52', NULL, NULL, 'company'),
(10, NULL, NULL, NULL, 'DécorInox inc.', NULL, '2013-08-19 18:14:52', '2013-08-19 18:14:52', NULL, NULL, 'company'),
(11, NULL, NULL, NULL, 'Forage Gareau ltée', NULL, '2013-08-19 18:14:52', '2013-08-19 18:14:52', NULL, NULL, 'company'),
(12, NULL, NULL, NULL, 'Clinique de la toiture FCA inc.', NULL, '2013-08-19 18:14:52', '2013-08-19 18:14:52', NULL, NULL, 'company'),
(13, NULL, NULL, NULL, 'Finition Beryo Bois Inc.', NULL, '2013-08-19 18:14:52', '2013-08-19 18:14:52', NULL, NULL, 'company'),
(14, NULL, NULL, NULL, 'Les services ménagers AMC', NULL, '2013-08-19 18:14:52', '2013-08-19 18:14:52', NULL, NULL, 'company'),
(15, NULL, NULL, NULL, 'Sablage de Planchers L.P.Enr.', NULL, '2013-08-19 18:14:52', '2013-08-19 18:14:52', NULL, NULL, 'company'),
(16, NULL, NULL, NULL, 'A.P.C.H.Q.', NULL, '2013-08-19 18:14:52', '2013-08-19 18:14:52', NULL, NULL, 'company'),
(17, NULL, NULL, NULL, 'A.P.C.H.Q.-Montréal métropolitain', NULL, '2013-08-19 18:14:52', '2013-08-19 18:14:52', NULL, NULL, 'company'),
(18, NULL, NULL, NULL, 'Tourangeau, Crochetière Experts-Comptables Inc.', NULL, '2013-08-19 18:14:52', '2013-08-19 18:14:52', NULL, NULL, 'company'),
(19, NULL, NULL, NULL, 'Réno-Maître APCHQ', NULL, '2013-08-19 18:14:52', '2013-08-19 18:14:52', NULL, NULL, 'company'),
(20, NULL, NULL, NULL, 'Dubo Électrique Ltée', NULL, '2013-08-19 18:14:52', '2013-08-19 18:14:52', NULL, NULL, 'company'),
(21, NULL, NULL, NULL, 'C. Rodrigue Électrique inc.', NULL, '2013-08-19 18:14:52', '2013-08-19 18:14:52', NULL, NULL, 'company'),
(22, NULL, NULL, NULL, 'Les Pierres DS Inc.', NULL, '2013-08-19 18:14:52', '2013-08-19 18:14:52', NULL, NULL, 'company'),
(23, NULL, NULL, NULL, 'Technofix', NULL, '2013-08-19 18:14:52', '2013-08-19 18:14:52', NULL, NULL, 'company'),
(24, NULL, NULL, NULL, 'MRA', NULL, '2013-08-19 18:14:52', '2013-08-19 18:14:52', NULL, NULL, 'company'),
(25, NULL, NULL, NULL, 'CDEST', NULL, '2013-08-19 18:14:52', '2013-08-19 18:14:52', NULL, NULL, 'company'),
(26, NULL, NULL, NULL, 'L & M Tapis & Peinture', NULL, '2013-08-19 18:14:52', '2013-08-19 18:14:52', NULL, NULL, 'company'),
(27, NULL, NULL, NULL, 'Serrurier Sirois', NULL, '2013-08-19 18:14:52', '2013-08-19 18:14:52', NULL, NULL, 'company'),
(28, NULL, NULL, NULL, 'Immeuble Sansoucy Perreault', NULL, '2013-08-19 18:14:52', '2013-08-19 18:14:52', NULL, NULL, 'company'),
(29, NULL, NULL, NULL, 'Nap-Art', NULL, '2013-08-19 18:14:52', '2013-08-19 18:14:52', NULL, NULL, 'company'),
(30, NULL, NULL, NULL, 'Poissant Excavation Inc.', NULL, '2013-08-19 18:14:52', '2013-08-19 18:14:52', NULL, NULL, 'company'),
(31, NULL, NULL, NULL, 'Grand-papa Gâteau enr.', NULL, '2013-08-19 18:14:52', '2013-08-19 18:14:52', NULL, NULL, 'company'),
(32, NULL, NULL, NULL, 'Broderie Montréal', NULL, '2013-08-19 18:14:52', '2013-08-19 18:14:52', NULL, NULL, 'company'),
(33, NULL, NULL, NULL, 'Atelier de location Turbo', NULL, '2013-08-19 18:14:52', '2013-08-19 18:14:52', NULL, NULL, 'company'),
(34, NULL, NULL, NULL, 'Matériaux de Plomberie Ray-Jean Inc.', NULL, '2013-08-19 18:14:52', '2013-08-19 18:14:52', NULL, NULL, 'company'),
(35, NULL, NULL, NULL, 'Bétonel', NULL, '2013-08-19 18:14:52', '2013-08-19 18:14:52', NULL, NULL, 'company'),
(36, NULL, NULL, NULL, 'Pierre Sansoucy', NULL, '2013-08-19 18:14:52', '2013-08-19 18:14:52', NULL, NULL, 'company'),
(37, NULL, NULL, NULL, 'Service ADG', NULL, '2013-08-19 18:14:52', '2013-08-19 18:14:52', NULL, NULL, 'company'),
(38, NULL, NULL, NULL, 'Ministre Des Finances', NULL, '2013-08-19 18:14:52', '2013-08-19 18:14:52', NULL, NULL, 'company'),
(39, NULL, NULL, NULL, 'Régie du bâtiment du Québec', NULL, '2013-08-19 18:14:52', '2013-08-19 18:14:52', NULL, NULL, 'company'),
(40, NULL, NULL, NULL, 'BEAUMARCHE', NULL, '2013-08-19 18:14:52', '2013-08-19 18:14:52', NULL, NULL, 'company'),
(41, NULL, NULL, NULL, 'Jolicoeur Savard Assurance', NULL, '2013-08-19 18:14:52', '2013-08-19 18:14:52', NULL, NULL, 'company'),
(42, NULL, NULL, NULL, 'Hydro-Québec', NULL, '2013-08-19 18:14:52', '2013-08-19 18:14:52', NULL, NULL, 'company'),
(43, NULL, NULL, NULL, 'Groupe Viau inc.', NULL, '2013-08-19 18:14:52', '2013-08-19 18:14:52', NULL, NULL, 'company'),
(44, NULL, NULL, NULL, 'Richmar Atelier', NULL, '2013-08-19 18:14:52', '2013-08-19 18:14:52', NULL, NULL, 'company'),
(45, 2, 15, NULL, 'People Commerce', NULL, '2013-08-19 18:14:52', '2013-09-04 14:16:38', NULL, '2010-11-01 00:00:00', 'company'),
(46, NULL, NULL, NULL, 'YG Plâtrage', NULL, '2013-08-19 18:14:52', '2013-08-19 18:14:52', NULL, NULL, 'company'),
(47, NULL, NULL, NULL, 'Ramacieri Soligo', NULL, '2013-08-19 18:14:52', '2013-08-19 18:14:52', NULL, NULL, 'company'),
(48, NULL, NULL, NULL, 'Les cuisines Vallée', NULL, '2013-08-19 18:14:52', '2013-08-19 18:14:52', NULL, NULL, 'company'),
(49, NULL, NULL, NULL, 'Enseignes Pinecrest', NULL, '2013-08-19 18:14:52', '2013-08-19 18:14:52', NULL, NULL, 'company'),
(50, NULL, NULL, NULL, 'LACRDQ', NULL, '2013-08-19 18:14:52', '2013-08-19 18:14:52', NULL, NULL, 'company'),
(51, NULL, NULL, NULL, 'Revenu Canada Impôt', NULL, '2013-08-19 18:14:52', '2013-08-19 18:14:52', NULL, NULL, 'company'),
(52, NULL, NULL, NULL, 'Visa Desjardins', NULL, '2013-08-19 18:14:52', '2013-08-19 18:14:52', NULL, NULL, 'company'),
(53, NULL, NULL, NULL, 'Mac a Montréal', NULL, '2013-08-19 18:14:52', '2013-08-19 18:14:52', NULL, NULL, 'company'),
(54, NULL, NULL, NULL, 'Raymond Chabot Grand Thornton', NULL, '2013-08-19 18:14:52', '2013-08-19 18:14:52', NULL, NULL, 'company'),
(55, NULL, NULL, NULL, 'Lavery, De Billy', NULL, '2013-08-19 18:14:52', '2013-08-19 18:14:52', NULL, NULL, 'company'),
(56, NULL, NULL, NULL, 'Ville de Montréal', NULL, '2013-08-19 18:14:52', '2013-08-19 18:14:52', NULL, NULL, 'company'),
(57, NULL, NULL, NULL, 'Cour municipale', NULL, '2013-08-19 18:14:52', '2013-08-19 18:14:52', NULL, NULL, 'company'),
(58, NULL, NULL, NULL, 'Ville de Montréal', NULL, '2013-08-19 18:14:52', '2013-08-19 18:14:52', NULL, NULL, 'company'),
(59, NULL, NULL, NULL, 'Cour municipale de la Ville de Montréal', NULL, '2013-08-19 18:14:52', '2013-08-19 18:14:52', NULL, NULL, 'company'),
(60, NULL, NULL, NULL, 'Vidéotron', NULL, '2013-08-19 18:14:52', '2013-08-19 18:14:52', NULL, NULL, 'company'),
(61, NULL, NULL, NULL, 'Ville de Montréal- Cour municipale', NULL, '2013-08-19 18:14:52', '2013-08-19 18:14:52', NULL, NULL, 'company'),
(62, NULL, NULL, NULL, 'Ville de Montréal.', NULL, '2013-08-19 18:14:52', '2013-08-19 18:14:52', NULL, NULL, 'company'),
(63, NULL, NULL, NULL, 'C.S.S.T.', NULL, '2013-08-19 18:14:52', '2013-08-19 18:14:52', NULL, NULL, 'company'),
(64, NULL, NULL, NULL, 'CAA HABITATION', NULL, '2013-08-19 18:14:52', '2013-08-19 18:14:52', NULL, NULL, 'company'),
(65, NULL, NULL, NULL, 'PHOTOatwork.com', NULL, '2013-08-19 18:14:52', '2013-08-19 18:14:52', NULL, NULL, 'company'),
(66, NULL, NULL, NULL, 'HEC Montréal', NULL, '2013-08-19 18:14:52', '2013-08-19 18:14:52', NULL, NULL, 'company'),
(67, NULL, NULL, NULL, 'CORPIQ', NULL, '2013-08-19 18:14:52', '2013-08-19 18:14:52', NULL, NULL, 'company'),
(68, 2, 5, NULL, 'Basement Système Quebec', NULL, '2013-08-19 18:14:52', '2013-09-04 09:29:01', NULL, NULL, 'company'),
(69, NULL, NULL, NULL, 'Céra Grès', NULL, '2013-08-19 18:14:52', '2013-08-19 18:14:52', NULL, NULL, 'company'),
(70, NULL, NULL, NULL, 'Luciani Automobile Inc', NULL, '2013-08-19 18:14:52', '2013-08-19 18:14:52', NULL, NULL, 'company'),
(71, NULL, NULL, NULL, 'Proxima Publications Inc', NULL, '2013-08-19 18:14:52', '2013-08-19 18:14:52', NULL, NULL, 'company'),
(72, NULL, NULL, NULL, 'Escalier Multi Desing Inc.', NULL, '2013-08-19 18:14:52', '2013-08-19 18:14:52', NULL, NULL, 'company'),
(73, NULL, NULL, NULL, 'Bertrand Durand Inc', NULL, '2013-08-19 18:14:52', '2013-08-19 18:14:52', NULL, NULL, 'company'),
(74, NULL, NULL, NULL, 'Ministre revenu du Québec', NULL, '2013-08-19 18:14:52', '2013-08-19 18:14:52', NULL, NULL, 'company'),
(75, NULL, NULL, NULL, 'Ministre revenu du Québec-', NULL, '2013-08-19 18:14:52', '2013-08-19 18:14:52', NULL, NULL, 'company'),
(76, NULL, NULL, NULL, 'Ministre du revenu du Québec', NULL, '2013-08-19 18:14:52', '2013-08-19 18:14:52', NULL, NULL, 'company'),
(77, NULL, NULL, NULL, 'Ministre du revenu du Québec-', NULL, '2013-08-19 18:14:52', '2013-08-19 18:14:52', NULL, NULL, 'company'),
(78, NULL, NULL, NULL, 'Revenu Quebec', NULL, '2013-08-19 18:14:52', '2013-08-19 18:14:52', NULL, NULL, 'company'),
(79, NULL, NULL, NULL, 'Revenu Québec', NULL, '2013-08-19 18:14:52', '2013-08-19 18:14:52', NULL, NULL, 'company'),
(80, NULL, NULL, NULL, 'Ministère du revenu du Québec', NULL, '2013-08-19 18:14:52', '2013-08-19 18:14:52', NULL, NULL, 'company'),
(81, NULL, NULL, NULL, 'Ministre du rev. du Québec', NULL, '2013-08-19 18:14:52', '2013-08-19 18:14:52', NULL, NULL, 'company'),
(82, NULL, NULL, NULL, 'Ministre du revenu du Québec-', NULL, '2013-08-19 18:14:52', '2013-08-19 18:14:52', NULL, NULL, 'company'),
(83, NULL, NULL, NULL, 'Revenu Québec.', NULL, '2013-08-19 18:14:52', '2013-08-19 18:14:52', NULL, NULL, 'company'),
(84, NULL, NULL, NULL, 'Revenu Quebec/', NULL, '2013-08-19 18:14:52', '2013-08-19 18:14:52', NULL, NULL, 'company'),
(85, NULL, NULL, NULL, 'Fonds des professionnels du Québec', NULL, '2013-08-19 18:14:52', '2013-08-19 18:14:52', NULL, NULL, 'company'),
(86, NULL, NULL, NULL, 'Revenu Québec-', NULL, '2013-08-19 18:14:52', '2013-08-19 18:14:52', NULL, NULL, 'company'),
(87, NULL, NULL, NULL, 'A25-Le lien intelligent', NULL, '2013-08-19 18:14:52', '2013-08-19 18:14:52', NULL, NULL, 'company'),
(88, NULL, NULL, NULL, 'Alliance Gicleurs inc', NULL, '2013-08-19 18:14:52', '2013-08-19 18:14:52', NULL, NULL, 'company'),
(89, NULL, NULL, NULL, 'Optimax Portes et Fenêtres', NULL, '2013-08-19 18:14:52', '2013-08-19 18:14:52', NULL, NULL, 'company'),
(90, NULL, NULL, NULL, 'Solabec', NULL, '2013-08-19 18:14:52', '2013-08-19 18:14:52', NULL, NULL, 'company'),
(91, NULL, NULL, NULL, 'Farkas', NULL, '2013-08-19 18:14:52', '2013-08-19 18:14:52', NULL, NULL, 'company'),
(92, NULL, NULL, NULL, 'Charles Vincent électrique Inc.', NULL, '2013-08-19 18:14:52', '2013-08-19 18:14:52', NULL, NULL, 'company'),
(93, NULL, NULL, NULL, 'BainTech', NULL, '2013-08-19 18:14:52', '2013-08-19 18:14:52', NULL, NULL, 'company'),
(94, NULL, NULL, NULL, 'DIM Stone Inc', NULL, '2013-08-19 18:14:52', '2013-08-19 18:14:52', NULL, NULL, 'company'),
(95, NULL, NULL, NULL, 'Vitrerie Pierrefonds inc.', NULL, '2013-08-19 18:14:52', '2013-08-19 18:14:52', NULL, NULL, 'company'),
(96, NULL, NULL, NULL, 'Akton Injection', NULL, '2013-08-19 18:14:52', '2013-08-19 18:14:52', NULL, NULL, 'company'),
(97, NULL, NULL, NULL, 'Tenaquip', NULL, '2013-08-19 18:14:52', '2013-08-19 18:14:52', NULL, NULL, 'company'),
(98, NULL, NULL, NULL, 'PAVCO inc.', NULL, '2013-08-19 18:14:52', '2013-08-19 18:14:52', NULL, NULL, 'company'),
(99, NULL, NULL, NULL, 'Les Entreprises M.L. Dugas Inc.', NULL, '2013-08-19 18:14:52', '2013-08-19 18:14:52', NULL, NULL, 'company'),
(100, NULL, NULL, NULL, 'Isolation Majeau et Frère', NULL, '2013-08-19 18:14:52', '2013-08-19 18:14:52', NULL, NULL, 'company'),
(101, NULL, NULL, NULL, 'Portes de Douche GG', NULL, '2013-08-19 18:14:52', '2013-08-19 18:14:52', NULL, NULL, 'company'),
(102, NULL, NULL, NULL, 'Marcil centre de rénovation', NULL, '2013-08-19 18:14:52', '2013-08-19 18:14:52', NULL, NULL, 'company'),
(103, NULL, NULL, NULL, 'Lanctôt', NULL, '2013-08-19 18:14:52', '2013-08-19 18:14:52', NULL, NULL, 'company'),
(104, NULL, NULL, NULL, 'Baignoir Ultra', NULL, '2013-08-19 18:14:52', '2013-08-19 18:14:52', NULL, NULL, 'company'),
(105, NULL, NULL, NULL, 'Les Babouches d''Alain inc.', NULL, '2013-08-19 18:14:52', '2013-08-19 18:14:52', NULL, NULL, 'company'),
(106, NULL, NULL, NULL, 'Les Alarmes ASE inc.', NULL, '2013-08-19 18:14:52', '2013-08-19 18:14:52', NULL, NULL, 'company'),
(107, NULL, NULL, NULL, 'Sylvie Lecuyer', NULL, '2013-08-19 18:14:52', '2013-08-19 18:14:52', NULL, NULL, 'company'),
(108, NULL, NULL, NULL, 'Martin Paquette Électrique Inc.', NULL, '2013-08-19 18:14:52', '2013-08-19 18:14:52', NULL, NULL, 'company'),
(109, NULL, NULL, NULL, 'JMD Électrique inc.', NULL, '2013-08-19 18:14:52', '2013-08-19 18:14:52', NULL, NULL, 'company'),
(110, NULL, NULL, NULL, 'Les Entreprises F. Gélinas', NULL, '2013-08-19 18:14:52', '2013-08-19 18:14:52', NULL, NULL, 'company'),
(111, NULL, NULL, NULL, 'BMR', NULL, '2013-08-19 18:14:52', '2013-08-19 18:14:52', NULL, NULL, 'company'),
(112, NULL, NULL, NULL, 'Publicité JL', NULL, '2013-08-19 18:14:52', '2013-08-19 18:14:52', NULL, NULL, 'company'),
(113, NULL, NULL, NULL, 'AB André Bergeron', NULL, '2013-08-19 18:14:52', '2013-08-19 18:14:52', NULL, NULL, 'company'),
(114, NULL, NULL, NULL, 'Lapointe Rebut Inc.', NULL, '2013-08-19 18:14:52', '2013-08-19 18:14:52', NULL, NULL, 'company'),
(115, NULL, NULL, NULL, 'Ébénisterie A.Beaucage', NULL, '2013-08-19 18:14:52', '2013-08-19 18:14:52', NULL, NULL, 'company'),
(116, NULL, NULL, NULL, 'Metaluminox', NULL, '2013-08-19 18:14:52', '2013-09-18 09:46:59', NULL, NULL, 'company'),
(117, NULL, NULL, NULL, 'SB9', NULL, '2013-08-19 18:14:52', '2013-08-19 18:14:52', NULL, NULL, 'company'),
(118, NULL, NULL, NULL, 'Gouttières Universel Inc.', NULL, '2013-08-19 18:14:52', '2013-08-19 18:14:52', NULL, NULL, 'company'),
(119, NULL, NULL, NULL, 'Instalation Universelle Inc.', NULL, '2013-08-19 18:14:52', '2013-08-19 18:14:52', NULL, NULL, 'company'),
(120, NULL, NULL, NULL, 'Côté et fils inc', NULL, '2013-08-19 18:14:53', '2013-08-19 18:14:53', NULL, NULL, 'company'),
(121, NULL, NULL, NULL, 'Robert Bisson Designer d''intérieur', NULL, '2013-08-19 18:14:53', '2013-08-19 18:14:53', NULL, NULL, 'company'),
(122, NULL, NULL, NULL, 'S.A. EXCAVATION', NULL, '2013-08-19 18:14:53', '2013-08-19 18:14:53', NULL, NULL, 'company'),
(123, NULL, NULL, NULL, 'Les toitures Techni toit', NULL, '2013-08-19 18:14:53', '2013-08-19 18:14:53', NULL, NULL, 'company'),
(124, NULL, NULL, NULL, 'Ambiance Peinture', NULL, '2013-08-19 18:14:53', '2013-08-19 18:14:53', NULL, NULL, 'company'),
(125, NULL, NULL, NULL, 'Intermat', NULL, '2013-08-19 18:14:53', '2013-08-19 18:14:53', NULL, NULL, 'company'),
(126, NULL, NULL, NULL, 'Centre de l''escalier', NULL, '2013-08-19 18:14:53', '2013-08-19 18:14:53', NULL, NULL, 'company'),
(127, NULL, NULL, NULL, 'Hydronique Expert inc.', NULL, '2013-08-19 18:14:53', '2013-08-19 18:14:53', NULL, NULL, 'company'),
(128, NULL, NULL, NULL, 'CDF entrepreneur en maçonnerie', NULL, '2013-08-19 18:14:53', '2013-08-19 18:14:53', NULL, NULL, 'company'),
(129, NULL, NULL, NULL, 'Coffrage Duc Ltée', NULL, '2013-08-19 18:14:53', '2013-08-19 18:14:53', NULL, NULL, 'company'),
(130, NULL, NULL, NULL, 'Planchers Monticello', NULL, '2013-08-19 18:14:53', '2013-08-19 18:14:53', NULL, NULL, 'company'),
(131, NULL, NULL, NULL, 'Entreprise Jeannot Paquette', NULL, '2013-08-19 18:14:53', '2013-08-19 18:14:53', NULL, NULL, 'company'),
(132, NULL, NULL, NULL, 'Isolation Iso-Pro Inc.', NULL, '2013-08-19 18:14:53', '2013-08-19 18:14:53', NULL, NULL, 'company'),
(133, NULL, NULL, NULL, 'Matériaux Kott', NULL, '2013-08-19 18:14:53', '2013-08-19 18:14:53', NULL, NULL, 'company'),
(134, NULL, NULL, NULL, 'J. Claude Chiasson Construction Ltée', NULL, '2013-08-19 18:14:53', '2013-08-19 18:14:53', NULL, NULL, 'company'),
(135, NULL, NULL, NULL, 'Menuiserie Stephane Aubut', NULL, '2013-08-19 18:14:53', '2013-08-19 18:14:53', NULL, NULL, 'company'),
(136, NULL, NULL, NULL, 'Les Pinceaux du Plateau', NULL, '2013-08-19 18:14:53', '2013-08-19 18:14:53', NULL, NULL, 'company'),
(137, NULL, NULL, NULL, 'Desmair', NULL, '2013-08-19 18:14:53', '2013-08-19 18:14:53', NULL, NULL, 'company'),
(138, NULL, NULL, NULL, 'Groupe Gestion et passion', NULL, '2013-08-19 18:14:53', '2013-08-19 18:14:53', NULL, NULL, 'company'),
(139, NULL, NULL, NULL, 'Stéphane Duchesne', NULL, '2013-08-19 18:14:53', '2013-08-19 18:14:53', NULL, NULL, 'company'),
(140, NULL, NULL, NULL, 'Les Ateliers Jacobs INC', NULL, '2013-08-19 18:14:53', '2013-08-19 18:14:53', NULL, NULL, 'company'),
(141, NULL, NULL, NULL, 'Réparations G.B. enr.', NULL, '2013-08-19 18:14:53', '2013-08-19 18:14:53', NULL, NULL, 'company'),
(142, NULL, NULL, NULL, 'Excavation St-Joseph-du-Lac Enr.', NULL, '2013-08-19 18:14:53', '2013-08-19 18:14:53', NULL, NULL, 'company'),
(143, NULL, NULL, NULL, 'Revenu Canada.', NULL, '2013-08-19 18:14:53', '2013-08-19 18:14:53', NULL, NULL, 'company'),
(144, NULL, NULL, NULL, 'Aspiria Corp', NULL, '2013-08-19 18:14:53', '2013-08-19 18:14:53', NULL, NULL, 'company'),
(145, NULL, NULL, NULL, 'Pitney Bowes', NULL, '2013-08-19 18:14:53', '2013-08-19 18:14:53', NULL, NULL, 'company'),
(146, NULL, NULL, NULL, 'Pitney Works', NULL, '2013-08-19 18:14:53', '2013-08-19 18:14:53', NULL, NULL, 'company'),
(147, NULL, NULL, NULL, '407 ETR', NULL, '2013-08-19 18:14:53', '2013-08-19 18:14:53', NULL, NULL, 'company'),
(148, NULL, NULL, NULL, 'Crédit Ford du Canada Limitée', NULL, '2013-08-19 18:14:53', '2013-08-19 18:14:53', NULL, NULL, 'company'),
(149, NULL, NULL, NULL, 'Transamérica vie', NULL, '2013-08-19 18:14:53', '2013-08-19 18:14:53', NULL, NULL, 'company'),
(151, 2, 5, NULL, 'Construction Immo 9', '<p>Rev&ecirc;tement ext&eacute;rieur. &nbsp;Maibec. Cape Cod</p>', '2013-08-29 13:32:37', '2013-08-29 13:41:22', '2952-2513-05', NULL, 'company'),
(152, 2, 5, NULL, 'Bois Expansion', '<p>fournisseur de bois</p>', '2013-09-04 09:40:35', '2013-09-04 09:40:35', NULL, NULL, 'company'),
(153, 2, NULL, NULL, 'Broderies Montréal', '<p>broderies sur chandails , casquettes ou autre.</p>', '2013-09-04 09:45:18', '2013-09-04 09:45:18', NULL, NULL, 'company');

Insert into `account_profile` (`id`) values (1);
Insert into `company` (`id`) values
(2),
(3),
(4),
(5),
(6),
(7),
(8),
(9),
(10),
(11),
(12),
(13),
(14),
(15),
(16),
(17),
(18),
(19),
(20),
(21),
(22),
(23),
(24),
(25),
(26),
(27),
(28),
(29),
(30),
(31),
(32),
(33),
(34),
(35),
(36),
(37),
(38),
(39),
(40),
(41),
(42),
(43),
(44),
(45),
(46),
(47),
(48),
(49),
(50),
(51),
(52),
(53),
(54),
(55),
(56),
(57),
(58),
(59),
(60),
(61),
(62),
(63),
(64),
(65),
(66),
(67),
(68),
(69),
(70),
(71),
(72),
(73),
(74),
(75),
(76),
(77),
(78),
(79),
(80),
(81),
(82),
(83),
(84),
(85),
(86),
(87),
(88),
(89),
(90),
(91),
(92),
(93),
(94),
(95),
(96),
(97),
(98),
(99),
(100),
(101),
(102),
(103),
(104),
(105),
(106),
(107),
(108),
(109),
(110),
(111),
(112),
(113),
(114),
(115),
(116),
(117),
(118),
(119),
(120),
(121),
(122),
(123),
(124),
(125),
(126),
(127),
(128),
(129),
(130),
(131),
(132),
(133),
(134),
(135),
(136),
(137),
(138),
(139),
(140),
(141),
(142),
(143),
(144),
(145),
(146),
(147),
(148),
(149),
(151),
(152),
(153);

INSERT INTO `companies_addresses` (`company_id`, `address_id`) VALUES
(1, 1),
(2, 209),
(3, 210),
(4, 211),
(5, 212),
(6, 213),
(7, 214),
(8, 215),
(9, 216),
(10, 217),
(11, 218),
(12, 219),
(13, 220),
(14, 221),
(15, 222),
(16, 223),
(17, 224),
(18, 225),
(19, 226),
(20, 227),
(21, 228),
(22, 229),
(23, 230),
(24, 231),
(25, 232),
(26, 233),
(27, 234),
(28, 235),
(29, 236),
(30, 237),
(31, 238),
(32, 239),
(33, 240),
(34, 241),
(35, 242),
(36, 243),
(37, 244),
(38, 245),
(39, 246),
(40, 247),
(41, 248),
(42, 249),
(43, 250),
(44, 251),
(45, 252),
(46, 253),
(47, 254),
(48, 255),
(49, 256),
(50, 257),
(51, 258),
(52, 259),
(53, 260),
(54, 261),
(55, 262),
(56, 263),
(57, 264),
(58, 265),
(59, 266),
(60, 267),
(61, 268),
(62, 269),
(63, 270),
(64, 271),
(65, 272),
(66, 273),
(67, 274),
(68, 275),
(69, 276),
(70, 277),
(71, 278),
(72, 279),
(73, 280),
(74, 281),
(75, 282),
(76, 283),
(77, 284),
(78, 285),
(79, 286),
(80, 287),
(81, 288),
(82, 289),
(83, 290),
(84, 291),
(85, 292),
(86, 293),
(87, 294),
(88, 295),
(89, 296),
(90, 297),
(91, 298),
(92, 299),
(93, 300),
(94, 301),
(95, 302),
(96, 303),
(97, 304),
(98, 305),
(99, 306),
(100, 307),
(101, 308),
(102, 309),
(103, 310),
(104, 311),
(105, 312),
(106, 313),
(107, 314),
(108, 315),
(109, 316),
(110, 317),
(111, 318),
(112, 319),
(113, 320),
(114, 321),
(115, 322),
(116, 323),
(117, 324),
(118, 325),
(119, 326),
(120, 327),
(121, 328),
(122, 329),
(123, 330),
(124, 331),
(125, 332),
(126, 333),
(127, 334),
(128, 335),
(129, 336),
(130, 337),
(131, 338),
(132, 339),
(133, 340),
(134, 341),
(135, 342),
(136, 343),
(137, 344),
(138, 345),
(139, 346),
(140, 347),
(141, 348),
(142, 349),
(143, 350),
(144, 351),
(145, 352),
(146, 353),
(147, 354),
(148, 355),
(149, 356),
(151, 359),
(152, 360);

INSERT INTO `companies_company_groups` (`company_id`, `company_group_id`) VALUES
(45, 4),
(68, 4),
(151, 4),
(152, 5),
(153, 5);

INSERT INTO `companies_currencies` (`company_id`, `currency_id`) VALUES
(2, 27),
(45, 27),
(45, 49),
(45, 151),
(68, 27),
(151, 27),
(152, 27),
(153, 27);

INSERT INTO `companies_languages` (`company_id`, `language_id`) VALUES
(1, 19),
(45, 15),
(45, 19),
(45, 52),
(45, 57),
(68, 19),
(151, 19),
(152, 19),
(153, 19);

INSERT INTO `companies_phones` (`company_id`, `phone_id`) VALUES
(1, 1),
(1, 2),
(2, 294),
(6, 295),
(10, 296),
(11, 297),
(12, 298),
(13, 299),
(13, 300),
(14, 301),
(15, 302),
(16, 303),
(18, 304),
(20, 305),
(20, 306),
(21, 307),
(22, 308),
(23, 309),
(24, 310),
(25, 311),
(26, 312),
(27, 313),
(28, 314),
(29, 315),
(30, 316),
(31, 317),
(32, 318),
(33, 319),
(34, 320),
(35, 321),
(36, 322),
(37, 323),
(40, 324),
(41, 325),
(43, 326),
(44, 327),
(45, 328),
(46, 329),
(47, 330),
(48, 331),
(49, 332),
(50, 333),
(53, 334),
(54, 335),
(55, 336),
(63, 337),
(64, 338),
(65, 339),
(66, 340),
(67, 341),
(68, 414),
(69, 342),
(71, 343),
(72, 344),
(73, 345),
(85, 346),
(88, 347),
(89, 348),
(90, 349),
(90, 350),
(91, 351),
(92, 352),
(93, 353),
(94, 354),
(95, 355),
(96, 356),
(97, 357),
(98, 358),
(99, 359),
(100, 360),
(101, 361),
(102, 362),
(103, 363),
(104, 364),
(105, 365),
(106, 366),
(107, 367),
(108, 368),
(109, 369),
(109, 370),
(110, 371),
(111, 372),
(112, 373),
(113, 374),
(114, 375),
(114, 376),
(115, 377),
(116, 378),
(117, 379),
(118, 380),
(119, 381),
(120, 382),
(121, 383),
(122, 384),
(123, 385),
(123, 386),
(124, 387),
(125, 388),
(126, 389),
(127, 390),
(128, 391),
(129, 392),
(130, 393),
(131, 394),
(132, 395),
(133, 396),
(135, 397),
(136, 398),
(137, 399),
(138, 400),
(139, 401),
(140, 402),
(141, 403),
(142, 404),
(145, 405),
(146, 406),
(151, 410),
(151, 411),
(152, 415),
(152, 416),
(153, 417);

INSERT INTO `companies_social_medias` (`company_id`, `social_media_id`) VALUES
(1, 2);

INSERT INTO `companies_specialities` (`company_id`, `speciality_id`) VALUES
(45, 180),
(45, 181),
(45, 183),
(45, 184),
(45, 187),
(45, 191);



INSERT INTO `employments` (`id`, `company_id`, `person_id`, `department_id`, `role`) VALUES
(1, 1, 1, 14, 'Closer'),
(2, 1, 2, NULL, NULL),
(3, 1, 3, NULL, 'Peintre'),
(4, 1, 4, NULL, 'Menuisier'),
(5, 1, 5, NULL, NULL),
(6, 1, 6, NULL, NULL),
(7, 1, 7, NULL, NULL),
(8, 1, 8, NULL, NULL),
(9, 1, 9, NULL, NULL),
(10, 1, 10, NULL, NULL),
(11, 1, 11, NULL, 'Superviseur'),
(12, 1, 12, NULL, 'Superviseur'),
(13, 1, 13, NULL, NULL),
(14, 1, 14, NULL, NULL),
(15, 1, 15, NULL, NULL),
(16, 1, 16, NULL, 'Représentant des ventes'),
(17, 1, 17, NULL, 'VP Production'),
(18, 1, 18, NULL, 'Menuisier'),
(19, 1, 19, NULL, 'Presidente'),
(20, 1, 20, NULL, 'VP Ventes et Marketing'),
(21, 1, 21, NULL, NULL),
(22, 1, 22, 10, 'Project manager'),
(23, 1, 23, NULL, NULL),
(24, 45, 22, 10, 'Président'),
(25, 151, 214, NULL, 'Superviseur de chantier'),
(26, 68, 216, 18, 'Sale''s rep'),
(27, 35, 217, 18, 'Sale''s rep'),
(28, 2, 209, NULL, NULL),
(29, 91, 218, 10, 'Owner'),
(30, 116, 220, 10, 'owner');


INSERT INTO `project_category` (`id`, `parent_id`, `title`, `description`, `slug`, `lft`, `rgt`, `lvl`, `position`) VALUES
(1, NULL, '4931 Ponsard - 01191 - Rick Hoge', '<p>Building</p>', 'Building', 1, 8, 0, 1),
(2, 1, '01-À faire par le client', '<p>more todo</p>', 'more todo', 2, 3, 1, 1),
(3, 1, '02-Démolition', '<p>slug1</p>', 'slug1', 4, 5, 1, 1),
(4, 1, '03-Structure Acier & Bois', '<p>slug2</p>', 'slug2', 6, 7, 1, 1),
(5, NULL, 'ArcaChocolate', '<p>root2</p>', 'root2', 9, 10, 0, 1),
(6, NULL, 'Books', '<p>root3</p>', 'root3', 11, 12, 0, 1),
(7, NULL, 'Denis-Lavoie-01250-J', '<p>root4</p>', 'root4', 13, 30, 0, 1),
(8, 7, '1-À Faire Par Client', '<p>sub1</p>', 'sub1', 14, 15, 1, 1),
(9, 7, '2-Démolition-Finale (Dégarnissage)', '<p>sub2</p>', 'sub2', 16, 17, 1, 1),
(10, 7, '3-Démolition-Extras', '<p>sub3</p>', 'sub3', 18, 19, 1, 1),
(11, 7, 'Céramique', '<p>subP1</p>', 'subP1', 20, 29, 1, 1),
(12, 11, '1-Préparation Surface', '<p>subP01</p>', 'subP01', 21, 22, 2, 1),
(13, 11, '2-Pose Céramique - Carrelage', '<p>subP02</p>', 'subP02', 23, 24, 2, 1),
(14, 11, '3-Application Coulis Sur Carrelage', '<p>subP03</p>', 'subP03', 25, 26, 2, 1),
(15, 11, '4-Céramique - Contingence', '<p>subP04cccc</p>', 'subP04', 27, 28, 2, 1);

--
-- Dumping data for table `project_milestone`
--

INSERT INTO `project_milestone` (`id`, `name`, `description`, `color`, `value`) VALUES
(1, 'New', 'Is a potential buyer', 'DB5123', '10'),
(2, 'Lost', 'Deal lost, lient not interested', '0720E0', '0'),
(3, 'Bid/Project/Estimate', 'The project is created as estimated', 'E0C707', '50'),
(4, 'Won/Signed', 'The project estimated is accepted by the client, project start', '23DB4E', '100');

--
-- Dumping data for table `project_status`
--

INSERT INTO `project_status` (`id`, `name`, `description`, `color`, `value`) VALUES
(1, 'Opportunity', NULL, '', NULL),
(2, 'Estimate', NULL, '', NULL),
(3, 'Started Project', NULL, '', NULL),
(4, 'To Produce', NULL, '', NULL),
(5, 'Closed Project (completed)', NULL, '', NULL);

--
-- Dumping data for table `project_type`
--

INSERT INTO `project_type` (`id`, `name`, `description`, `color`, `value`) VALUES
(1, 'Project', 'Project', '23DB4E', '1'),
(2, 'Stimation', 'Stimation/Draft', 'DB23B0', '2');

--
-- Dumping data for table `project`
--

INSERT INTO `project` (`id`, `owner_id`, `type_id`, `status_id`, `currency_id`, `name`, `description`, `start_date`, `end_date`, `created_at`, `updated_at`) VALUES
(1, 1, 1, 1, 151, 'ProjectX1', 'ProjectX1', NULL, NULL, '2013-12-24 15:02:47', '2013-12-24 15:02:47'),
(2, 2, 2, 2, 27, 'EstimationX1', 'Estimation', NULL, NULL, '2013-12-24 15:04:00', '2013-12-24 15:04:00'),
(3, 1, 1, 2, 49, 'ProjectX2', 'ProjectX2', NULL, NULL, '2013-12-24 15:04:33', '2013-12-24 15:04:33'),
(4, 1, 1, 2, 27, 'ProjectX3', 'ProjectX3', NULL, NULL, '2014-01-08 23:39:18', '2014-01-08 23:39:18'),
(5, 1, 1, 2, 49, 'ProjectX4', 'ProjectX4', NULL, NULL, '2014-01-12 19:18:13', '2014-01-12 19:18:13'),
(6, 1, 1, 1, 27, 'ProjectX5', 'ProjectX5', NULL, NULL, '2014-01-26 22:26:18', '2014-01-26 22:26:18'),
(7, 1, 1, 1, 27, 'ProjectX6', 'ProjectX6', NULL, NULL, '2014-01-26 23:59:55', '2014-01-26 23:59:55'),
(8, 1, 1, 1, 27, 'ProjectX7', 'ProjectX7', NULL, NULL, '2014-01-27 00:18:35', '2014-01-27 00:18:35'),
(9, 1, 1, 1, 27, 'ProjectX8', 'ProjectX8', NULL, NULL, '2014-01-27 00:19:34', '2014-01-27 00:19:34'),
(10, 1, 1, 1, 27, 'ProjectX9', 'ProjectX9', NULL, NULL, '2014-01-27 00:33:24', '2014-01-27 00:33:24'),
(11, 1, 1, 3, 27, 'ProjectX10', 'ProjectX10', NULL, NULL, '2014-01-27 21:14:45', '2014-01-27 21:14:45');

--
-- Dumping data for table `task_dependency`
--

INSERT INTO `task_dependency` (`id`, `name`, `description`, `color`, `value`) VALUES
(1, 'Finish To Start', 'Finish To Start', '23BADB', '1'),
(2, 'Start To Start', 'Start To Start', '23DB4E', '2'),
(3, 'Finish To Finish', 'Finish To Finish', 'DB23B0', '3');

--
-- Dumping data for table `task_priority`
--

INSERT INTO `task_priority` (`id`, `name`, `color`, `value`, `description`) VALUES
(1, 'Low', '23BADB', '1', NULL),
(2, 'Normal', '23DB4E', '2', NULL),
(3, 'High', 'DB23B0', '3', NULL),
(4, 'Urgent', 'DB5123', '4', NULL),
(5, 'Immediate', '0720E0', '5', NULL);

--
-- Dumping data for table `task_status`
--

INSERT INTO `task_status` (`id`, `name`, `color`, `value`, `description`) VALUES
(1, 'New', 'f1f1f1', '1', NULL),
(2, 'In Progress', '', NULL, NULL),
(3, 'Resolved', '', NULL, NULL),
(4, 'Feedback', '', NULL, NULL),
(5, 'Closed', '', NULL, NULL),
(6, 'Rejected', '', NULL, NULL);

--
-- Dumping data for table `task_tracker`
--

INSERT INTO `task_tracker` (`id`, `name`, `color`, `value`, `description`) VALUES
(1, 'Bug', '', NULL, NULL),
(2, 'Feature', '', NULL, NULL),
(3, 'Support', '', NULL, NULL);

--
-- Dumping data for table `task_type`
--

INSERT INTO `task_type` (`id`, `name`, `description`, `color`, `value`) VALUES
(1, 'Normal', 'Free of charge', '23DB4E', '1'),
(2, 'Payable', 'Payable, (agreed on contract)', 'DB23B0', '2'),
(3, 'Extras', '"Extras" Task (called also "Adjustments")', 'DB5123', '3');


--
-- Dumping data for table `task_preset`
--

INSERT INTO `task_preset` (`id`, `tracker_id`, `project_id`, `category_id`, `status_id`, `assigned_to`, `priority_id`, `name`, `description`, `due_date`, `estimated_time`, `done_ratio`, `created_at`, `updated_at`, `start_date`) VALUES
(1, 2, NULL, 10, 4, 4, 3, 'Task1', '<p>desc1</p>', '2014-01-09 00:00:00', 20.00, 10, '2014-01-07 20:23:54', '2014-01-07 20:23:54', '2014-01-22 00:00:00'),
(2, 2, NULL, 2, 2, 2, 5, 'Task2', '<p>test2</p>', '2014-01-22 00:00:00', 20.00, 0, '2014-01-07 20:50:56', '2014-01-07 20:50:56', '2014-01-07 00:00:00'),
(3, 2, NULL, 3, 2, 3, 5, 'Task3', '<p>test3</p>', '2014-01-30 00:00:00', 20.00, 0, '2014-01-07 20:52:23', '2014-01-07 20:52:23', '2014-01-16 00:00:00'),
(4, 3, NULL, 11, 1, 6, 2, 'Task4', '<p>test4</p>', '2014-02-06 00:00:00', 5.00, 10, '2014-01-13 21:03:20', '2014-01-13 21:03:20', '2014-02-05 00:00:00'),
(5, 1, NULL, 3, 2, 8, 4, 'Task5', '<p>Task Only</p>', '2014-01-17 00:00:00', 20.00, 30, '2014-01-13 23:36:59', '2014-01-13 23:36:59', '2014-01-15 00:00:00'),
(6, 2, NULL, 1, 1, 18, 5, 'TaskX', '<p>TaskX</p>', '2014-01-31 00:00:00', 5.00, 10, '2014-01-22 20:09:22', '2014-01-22 20:09:22', '2014-01-27 00:00:00');

--
-- Dumping data for table `task`
--

INSERT INTO `task` (`id`, `tracker_id`, `project_id`, `category_id`, `status_id`, `assigned_to`, `priority_id`, `name`, `description`, `due_date`, `estimated_time`, `done_ratio`, `created_at`, `updated_at`, `start_date`, `closed_at`, `dependency_id`, `lag`, `is_mandatory`, `pid`, `task_type_id`) VALUES
(1, 1, 1, 6, 1, 1, 1, 'test1', '<p>szcsdcsdcsdcsd</p>', '2014-03-20 00:00:00', 20.00, 60, '2013-12-24 00:00:00', '2013-12-24 11:49:05', '2013-12-24 00:00:00', NULL, 1, 10, 1, NULL, NULL),
(2, 2, 2, 7, 2, 2, 2, 'test2', '<p>zascsd sd sdf sdfsdfsdfsdf</p>', '2014-07-15 00:00:00', 15.00, 0, '2013-12-24 00:00:00', '2013-12-24 00:00:00', '2013-12-24 00:00:00', NULL, NULL, NULL, NULL, NULL, NULL),
(3, 1, 1, 3, 2, 1, 2, 'test3', '<p>sdsdsdf</p>', '2013-12-26 00:00:00', 15.50, 40, '2013-12-25 17:06:58', '2013-12-25 17:06:58', '2014-01-31 00:00:00', NULL, NULL, NULL, NULL, NULL, NULL),
(4, 2, 3, 12, 1, 20, 2, 'feature test', '<p>feature test</p>', '2014-01-31 00:00:00', 20.00, 0, '2014-01-12 16:11:27', '2014-01-12 16:11:27', '2014-01-15 00:00:00', NULL, NULL, NULL, NULL, NULL, NULL),
(5, 3, 3, 10, 1, 15, 5, 'support test', '<p>support test</p>', '2014-02-28 00:00:00', 15.50, 0, '2014-01-12 16:15:14', '2014-01-12 16:15:14', '2014-01-15 00:00:00', NULL, NULL, NULL, NULL, NULL, NULL),
(6, 2, 1, 2, 2, NULL, 5, 'test2', '<p>test2</p>', '2014-01-22 00:00:00', NULL, 0, '2014-01-26 23:52:58', '2014-01-26 23:52:58', '2014-01-07 00:00:00', NULL, NULL, NULL, NULL, NULL, NULL),
(7, 2, 1, 3, 2, NULL, 5, 'test3', '<p>test3</p>', '2014-01-30 00:00:00', NULL, 0, '2014-01-26 23:52:58', '2014-01-26 23:52:58', '2014-01-16 00:00:00', NULL, NULL, NULL, NULL, NULL, NULL),
(8, 2, 1, 1, 1, NULL, 5, 'TaskX', '<p>TaskX</p>', '2014-01-31 00:00:00', NULL, 10, '2014-01-26 23:52:58', '2014-01-26 23:52:58', '2014-01-27 00:00:00', NULL, NULL, NULL, NULL, NULL, NULL),
(9, 2, 1, 10, 4, NULL, 3, 'test1', '<p>desc1</p>', '2014-01-09 00:00:00', 20.00, 10, '2014-01-26 23:59:06', '2014-01-26 23:59:06', '2014-01-22 00:00:00', NULL, NULL, NULL, NULL, NULL, NULL),
(10, 2, 1, 2, 2, NULL, 5, 'test2', '<p>test2</p>', '2014-01-22 00:00:00', 20.00, 0, '2014-01-26 23:59:06', '2014-01-26 23:59:06', '2014-01-07 00:00:00', NULL, NULL, NULL, NULL, NULL, NULL),
(11, 2, 1, 3, 2, NULL, 5, 'test3', '<p>test3</p>', '2014-01-30 00:00:00', 20.00, 0, '2014-01-26 23:59:06', '2014-01-26 23:59:06', '2014-01-16 00:00:00', NULL, NULL, NULL, NULL, NULL, NULL),
(12, 3, 1, 11, 1, NULL, 2, 'test4', '<p>test4</p>', '2014-02-06 00:00:00', 5.00, 10, '2014-01-26 23:59:06', '2014-01-26 23:59:06', '2014-02-05 00:00:00', NULL, NULL, NULL, NULL, NULL, NULL),
(13, 1, 1, 3, 2, NULL, 4, 'Task Only', '<p>Task Only</p>', '2014-01-17 00:00:00', 20.00, 30, '2014-01-26 23:59:06', '2014-01-26 23:59:06', '2014-01-15 00:00:00', NULL, NULL, NULL, NULL, NULL, NULL),
(14, 2, 1, 1, 1, NULL, 5, 'TaskY', '<p>TaskY</p>', '2014-01-31 00:00:00', 5.00, 10, '2014-01-26 23:59:06', '2014-01-26 23:59:06', '2014-01-27 00:00:00', NULL, NULL, NULL, NULL, NULL, NULL),
(15, 2, 7, 10, 4, NULL, 3, 'test1', '<p>desc1</p>', '2014-01-09 00:00:00', 20.00, 10, '2014-01-27 00:04:39', '2014-01-27 00:04:39', '2014-01-22 00:00:00', NULL, NULL, NULL, NULL, NULL, NULL),
(16, 2, 7, 2, 2, NULL, 5, 'test2', '<p>test2</p>', '2014-01-22 00:00:00', 20.00, 0, '2014-01-27 00:04:39', '2014-01-27 00:04:39', '2014-01-07 00:00:00', NULL, NULL, NULL, NULL, NULL, NULL),
(17, 2, 7, 3, 2, NULL, 5, 'test3', '<p>test3</p>', '2014-01-30 00:00:00', 20.00, 0, '2014-01-27 00:04:39', '2014-01-27 00:04:39', '2014-01-16 00:00:00', NULL, NULL, NULL, NULL, NULL, NULL),
(18, 3, 7, 11, 1, NULL, 2, 'test4', '<p>test4</p>', '2014-02-06 00:00:00', 5.00, 10, '2014-01-27 00:04:39', '2014-01-27 00:04:39', '2014-02-05 00:00:00', NULL, NULL, NULL, NULL, NULL, NULL),
(19, 1, 7, 3, 2, NULL, 4, 'Task Only', '<p>Task Only</p>', '2014-01-17 00:00:00', 20.00, 30, '2014-01-27 00:04:39', '2014-01-27 00:04:39', '2014-01-15 00:00:00', NULL, NULL, NULL, NULL, NULL, NULL),
(20, 2, 7, 1, 1, NULL, 5, 'TaskZ', '<p>TaskZ</p>', '2014-01-31 00:00:00', 5.00, 10, '2014-01-27 00:04:39', '2014-01-27 00:04:39', '2014-01-27 00:00:00', NULL, NULL, NULL, NULL, NULL, NULL),
(21, 2, 9, 10, 4, NULL, 3, 'test1', '<p>desc1</p>', '2014-01-09 00:00:00', 20.00, 10, '2014-01-27 00:25:54', '2014-01-27 00:25:54', '2014-01-22 00:00:00', NULL, NULL, NULL, NULL, NULL, NULL),
(22, 2, 9, 2, 2, NULL, 5, 'test2', '<p>test2</p>', '2014-01-22 00:00:00', 20.00, 0, '2014-01-27 00:25:54', '2014-01-27 00:25:54', '2014-01-07 00:00:00', NULL, NULL, NULL, NULL, NULL, NULL),
(23, 2, 9, 3, 2, NULL, 5, 'test3', '<p>test3</p>', '2014-01-30 00:00:00', 20.00, 0, '2014-01-27 00:25:54', '2014-01-27 00:25:54', '2014-01-16 00:00:00', NULL, NULL, NULL, NULL, NULL, NULL),
(24, 3, 9, 11, 1, NULL, 2, 'test4', '<p>test4</p>', '2014-02-06 00:00:00', 5.00, 10, '2014-01-27 00:25:54', '2014-01-27 00:25:54', '2014-02-05 00:00:00', NULL, NULL, NULL, NULL, NULL, NULL),
(25, 1, 9, 3, 2, NULL, 4, 'TaskXYZ', '<p>TaskXYZ</p>', '2014-01-17 00:00:00', 20.00, 30, '2014-01-27 00:25:54', '2014-01-27 00:25:54', '2014-01-15 00:00:00', NULL, NULL, NULL, NULL, NULL, NULL),
(26, 2, 9, 1, 1, NULL, 5, 'TaskABC', '<p>TaskABC</p>', '2014-01-31 00:00:00', 5.00, 10, '2014-01-27 00:25:54', '2014-01-27 00:25:54', '2014-01-27 00:00:00', NULL, NULL, NULL, NULL, NULL, NULL),
(27, 2, 10, 10, 4, NULL, 3, 'Task1', '<p>desc1</p>', '2014-01-09 00:00:00', 20.00, 10, '2014-01-27 00:33:25', '2014-01-27 00:33:25', '2014-01-22 00:00:00', NULL, NULL, NULL, NULL, NULL, NULL),
(28, 2, 10, 2, 2, NULL, 5, 'Task2', '<p>test2</p>', '2014-01-22 00:00:00', 20.00, 0, '2014-01-27 00:33:25', '2014-01-27 00:33:25', '2014-01-07 00:00:00', NULL, NULL, NULL, NULL, NULL, NULL),
(29, 2, 10, 3, 2, NULL, 5, 'Task3', '<p>test3</p>', '2014-01-30 00:00:00', 20.00, 0, '2014-01-27 00:33:25', '2014-01-27 00:33:25', '2014-01-16 00:00:00', NULL, NULL, NULL, NULL, NULL, NULL),
(30, 3, 10, 11, 1, NULL, 2, 'Task4', '<p>test4</p>', '2014-02-06 00:00:00', 5.00, 10, '2014-01-27 00:33:25', '2014-01-27 00:33:25', '2014-02-05 00:00:00', NULL, NULL, NULL, NULL, NULL, NULL),
(31, 1, 10, 3, 2, NULL, 4, 'Task5', '<p>Task Only</p>', '2014-01-17 00:00:00', 20.00, 30, '2014-01-27 00:33:25', '2014-01-27 00:33:25', '2014-01-15 00:00:00', NULL, NULL, NULL, NULL, NULL, NULL),
(32, 2, 10, 1, 1, NULL, 5, 'Task6', '<p>Task6</p>', '2014-01-31 00:00:00', 5.00, 10, '2014-01-27 00:33:25', '2014-01-27 00:33:25', '2014-01-27 00:00:00', NULL, NULL, NULL, NULL, NULL, NULL),
(33, 2, 11, 10, 4, NULL, 3, 'Task1', '<p>desc1</p>', '2014-01-09 00:00:00', 20.00, 10, '2014-01-27 21:14:45', '2014-01-27 21:14:45', '2014-01-22 00:00:00', NULL, NULL, NULL, NULL, NULL, NULL),
(34, 2, 11, 2, 2, NULL, 5, 'Task2', '<p>test2</p>', '2014-01-22 00:00:00', 20.00, 0, '2014-01-27 21:14:45', '2014-01-27 21:14:45', '2014-01-07 00:00:00', NULL, NULL, NULL, NULL, NULL, NULL),
(35, 2, 11, 3, 2, NULL, 5, 'Task3', '<p>test3</p>', '2014-01-30 00:00:00', 20.00, 0, '2014-01-27 21:14:45', '2014-01-27 21:14:45', '2014-01-16 00:00:00', NULL, NULL, NULL, NULL, NULL, NULL),
(36, 3, 11, 11, 1, NULL, 2, 'Task4', '<p>test4</p>', '2014-02-06 00:00:00', 5.00, 10, '2014-01-27 21:14:45', '2014-01-27 21:14:45', '2014-02-05 00:00:00', NULL, NULL, NULL, NULL, NULL, NULL),
(37, 1, 11, 3, 2, NULL, 4, 'Task5', '<p>Task Only</p>', '2014-01-17 00:00:00', 20.00, 30, '2014-01-27 21:14:45', '2014-01-27 21:14:45', '2014-01-15 00:00:00', NULL, NULL, NULL, NULL, NULL, NULL),
(38, 2, 11, 1, 1, NULL, 5, 'Task6', '<p>Task6</p>', '2014-01-31 00:00:00', 5.00, 10, '2014-01-27 21:14:45', '2014-01-27 21:14:45', '2014-01-27 00:00:00', NULL, NULL, NULL, NULL, NULL, NULL);


SET FOREIGN_KEY_CHECKS=1;